MASP,MACN,SOLUONGTONKHO
1,1,369
2,1,79
3,1,485
4,1,236
5,1,117
6,1,479
7,1,180
8,1,161
9,1,262
10,1,103
11,1,121
12,1,155
13,1,74
14,1,47
15,1,322
16,1,15
17,1,16
18,1,172
19,1,409
20,1,97
21,1,19
22,1,480
23,1,481
24,1,456
25,1,98
26,1,331
27,1,312
28,1,491
29,1,362
30,1,69
31,1,126
32,1,451
33,1,144
34,1,455
35,1,136
36,1,18
37,1,461
38,1,287
39,1,174
40,1,51
41,1,256
42,1,358
43,1,398
44,1,243
45,1,10
46,1,83
47,1,200
48,1,399
49,1,380
50,1,33
51,1,380
52,1,309
53,1,287
54,1,185
55,1,12
56,1,94
57,1,56
58,1,182
59,1,338
60,1,361
61,1,488
62,1,304
63,1,401
64,1,175
65,1,203
66,1,58
67,1,165
68,1,184
69,1,22
70,1,48
71,1,447
72,1,189
73,1,336
74,1,132
75,1,418
76,1,30
77,1,327
78,1,414
79,1,377
80,1,88
81,1,196
82,1,404
83,1,192
84,1,311
85,1,308
86,1,267
87,1,88
88,1,289
89,1,298
90,1,82
91,1,447
92,1,13
93,1,346
94,1,74
95,1,25
96,1,27
97,1,273
98,1,311
99,1,342
100,1,257
101,1,308
102,1,370
103,1,288
104,1,62
105,1,66
106,1,119
107,1,397
108,1,388
109,1,397
110,1,68
111,1,307
112,1,204
113,1,363
114,1,44
115,1,32
116,1,411
117,1,16
118,1,448
119,1,103
120,1,308
121,1,21
122,1,97
123,1,157
124,1,99
125,1,257
126,1,486
127,1,83
128,1,138
129,1,201
130,1,252
131,1,230
132,1,461
133,1,159
134,1,488
135,1,269
136,1,420
137,1,499
138,1,188
139,1,100
140,1,164
141,1,498
142,1,121
143,1,135
144,1,239
145,1,380
146,1,408
147,1,419
148,1,200
149,1,208
150,1,254
151,1,133
152,1,265
153,1,264
154,1,477
155,1,420
156,1,158
157,1,416
158,1,266
159,1,494
160,1,437
161,1,358
162,1,160
163,1,81
164,1,262
165,1,14
166,1,444
167,1,292
168,1,352
169,1,332
170,1,441
171,1,329
172,1,237
173,1,22
174,1,380
175,1,220
176,1,178
177,1,339
178,1,221
179,1,360
180,1,200
181,1,190
182,1,138
183,1,126
184,1,315
185,1,469
186,1,258
187,1,474
188,1,297
189,1,39
190,1,14
191,1,320
192,1,415
193,1,325
194,1,71
195,1,410
196,1,380
197,1,453
198,1,384
199,1,62
200,1,386
201,1,299
202,1,93
203,1,228
204,1,325
205,1,328
206,1,477
207,1,70
208,1,159
209,1,89
210,1,386
211,1,409
212,1,46
213,1,111
214,1,40
215,1,338
216,1,130
217,1,19
218,1,55
219,1,64
220,1,193
221,1,89
222,1,181
223,1,164
224,1,137
225,1,18
226,1,174
227,1,449
228,1,131
229,1,13
230,1,411
231,1,220
232,1,356
233,1,73
234,1,143
235,1,101
236,1,236
237,1,226
238,1,63
239,1,177
240,1,327
241,1,343
242,1,493
243,1,103
244,1,338
245,1,82
246,1,184
247,1,498
248,1,406
249,1,426
250,1,89
251,1,48
252,1,494
253,1,343
254,1,63
255,1,307
256,1,241
257,1,166
258,1,342
259,1,418
260,1,349
261,1,116
262,1,39
263,1,265
264,1,254
265,1,184
266,1,483
267,1,300
268,1,490
269,1,380
270,1,49
271,1,447
272,1,401
273,1,380
274,1,244
275,1,447
276,1,499
277,1,202
278,1,174
279,1,106
280,1,161
281,1,48
282,1,300
283,1,229
284,1,374
285,1,304
286,1,423
287,1,215
288,1,464
289,1,27
290,1,385
291,1,205
292,1,308
293,1,41
294,1,254
295,1,295
296,1,349
297,1,184
298,1,79
299,1,382
300,1,494
301,1,68
302,1,98
303,1,65
304,1,317
305,1,67
306,1,55
307,1,166
308,1,38
309,1,437
310,1,151
311,1,70
312,1,32
313,1,439
314,1,314
315,1,345
316,1,278
317,1,500
318,1,138
319,1,165
320,1,84
321,1,232
322,1,327
323,1,281
324,1,277
325,1,72
326,1,116
327,1,321
328,1,214
329,1,135
330,1,317
331,1,434
332,1,92
333,1,40
334,1,76
335,1,127
336,1,239
337,1,270
338,1,313
339,1,166
340,1,445
341,1,336
342,1,276
343,1,130
344,1,435
345,1,283
346,1,146
347,1,382
348,1,138
349,1,108
350,1,166
351,1,302
352,1,71
353,1,237
354,1,349
355,1,233
356,1,366
357,1,275
358,1,432
359,1,317
360,1,174
361,1,484
362,1,390
363,1,267
364,1,71
365,1,80
366,1,335
367,1,39
368,1,47
369,1,150
370,1,37
371,1,91
372,1,84
373,1,333
374,1,253
375,1,46
376,1,265
377,1,283
378,1,35
379,1,481
380,1,371
381,1,53
382,1,31
383,1,379
384,1,188
385,1,303
386,1,51
387,1,484
388,1,70
389,1,316
390,1,127
391,1,321
392,1,10
393,1,148
394,1,18
395,1,128
396,1,312
397,1,271
398,1,420
399,1,414
400,1,351
401,1,429
402,1,143
403,1,359
404,1,23
405,1,451
406,1,247
407,1,155
408,1,443
409,1,490
410,1,453
411,1,482
412,1,403
413,1,225
414,1,147
415,1,163
416,1,167
417,1,30
418,1,429
419,1,137
420,1,318
421,1,327
422,1,458
423,1,370
424,1,41
425,1,276
426,1,306
427,1,72
428,1,155
429,1,220
430,1,475
431,1,209
432,1,251
433,1,448
434,1,354
435,1,292
436,1,346
437,1,470
438,1,284
439,1,167
440,1,219
441,1,59
442,1,86
443,1,134
444,1,442
445,1,19
446,1,389
447,1,463
448,1,384
449,1,223
450,1,98
451,1,50
452,1,397
453,1,396
454,1,162
455,1,485
456,1,426
457,1,190
458,1,225
459,1,248
460,1,67
461,1,198
462,1,75
463,1,338
464,1,54
465,1,438
466,1,178
467,1,392
468,1,362
469,1,94
470,1,478
471,1,456
472,1,60
473,1,273
474,1,373
475,1,405
476,1,231
477,1,422
478,1,45
479,1,144
480,1,420
481,1,300
482,1,393
483,1,227
484,1,458
485,1,470
486,1,145
487,1,192
488,1,148
489,1,461
490,1,199
491,1,224
492,1,444
493,1,204
494,1,364
495,1,371
496,1,25
497,1,449
498,1,470
499,1,130
500,1,196
501,1,384
502,1,448
503,1,367
504,1,344
505,1,215
506,1,260
507,1,42
508,1,301
509,1,198
510,1,217
511,1,420
512,1,214
513,1,408
514,1,225
515,1,254
516,1,243
517,1,422
518,1,384
519,1,171
520,1,355
521,1,215
522,1,367
523,1,406
524,1,165
525,1,235
526,1,219
527,1,17
528,1,121
529,1,125
530,1,222
531,1,263
532,1,102
533,1,292
534,1,314
535,1,223
536,1,42
537,1,377
538,1,187
539,1,74
540,1,335
541,1,55
542,1,374
543,1,216
544,1,351
545,1,238
546,1,256
547,1,491
548,1,272
549,1,194
550,1,123
551,1,230
552,1,40
553,1,435
554,1,279
555,1,470
556,1,287
557,1,413
558,1,32
559,1,365
560,1,255
561,1,193
562,1,102
563,1,341
564,1,400
565,1,256
566,1,419
567,1,328
568,1,132
569,1,243
570,1,434
571,1,16
572,1,82
573,1,434
574,1,487
575,1,221
576,1,151
577,1,117
578,1,419
579,1,150
580,1,332
581,1,70
582,1,115
583,1,132
584,1,484
585,1,13
586,1,194
587,1,251
588,1,171
589,1,148
590,1,263
591,1,55
592,1,357
593,1,127
594,1,121
595,1,21
596,1,304
597,1,267
598,1,468
599,1,130
600,1,486
601,1,252
602,1,32
603,1,335
604,1,219
605,1,132
606,1,468
607,1,350
608,1,307
609,1,190
610,1,406
611,1,319
612,1,174
613,1,211
614,1,498
615,1,427
616,1,379
617,1,403
618,1,500
619,1,490
620,1,237
621,1,250
622,1,351
623,1,353
624,1,36
625,1,59
626,1,84
627,1,353
628,1,242
629,1,388
630,1,280
631,1,403
632,1,349
633,1,264
634,1,49
635,1,379
636,1,106
637,1,67
638,1,348
639,1,384
640,1,455
641,1,283
642,1,479
643,1,500
644,1,206
645,1,135
646,1,222
647,1,485
648,1,12
649,1,394
650,1,180
651,1,274
652,1,35
653,1,194
654,1,465
655,1,318
656,1,98
657,1,414
658,1,346
659,1,454
660,1,254
661,1,281
662,1,383
663,1,203
664,1,484
665,1,51
666,1,159
667,1,108
668,1,359
669,1,181
670,1,445
671,1,485
672,1,444
673,1,411
674,1,289
675,1,279
676,1,136
677,1,308
678,1,277
679,1,130
680,1,102
681,1,345
682,1,320
683,1,73
684,1,478
685,1,171
686,1,361
687,1,415
688,1,148
689,1,414
690,1,364
691,1,140
692,1,356
693,1,307
694,1,459
695,1,347
696,1,356
697,1,52
698,1,226
699,1,300
700,1,267
701,1,188
702,1,384
703,1,230
704,1,484
705,1,461
706,1,392
707,1,78
708,1,162
709,1,321
710,1,153
711,1,81
712,1,154
713,1,216
714,1,340
715,1,267
716,1,215
717,1,253
718,1,24
719,1,115
720,1,459
721,1,334
722,1,494
723,1,480
724,1,400
725,1,460
726,1,192
727,1,472
728,1,217
729,1,185
730,1,488
731,1,357
732,1,361
733,1,149
734,1,32
735,1,39
736,1,316
737,1,63
738,1,387
739,1,321
740,1,160
741,1,499
742,1,41
743,1,129
744,1,355
745,1,301
746,1,225
747,1,138
748,1,292
749,1,423
750,1,378
751,1,73
752,1,413
753,1,359
754,1,122
755,1,410
756,1,45
757,1,396
758,1,481
759,1,72
760,1,343
761,1,195
762,1,209
763,1,43
764,1,348
765,1,82
766,1,154
767,1,200
768,1,334
769,1,371
770,1,75
771,1,296
772,1,434
773,1,373
774,1,459
775,1,208
776,1,220
777,1,495
778,1,457
779,1,409
780,1,66
781,1,357
782,1,101
783,1,120
784,1,366
785,1,59
786,1,146
787,1,452
788,1,279
789,1,370
790,1,468
791,1,200
792,1,139
793,1,367
794,1,300
795,1,470
796,1,452
797,1,378
798,1,298
799,1,305
800,1,459
801,1,214
802,1,37
803,1,118
804,1,419
805,1,252
806,1,478
807,1,13
808,1,429
809,1,114
810,1,339
811,1,20
812,1,185
813,1,470
814,1,479
815,1,189
816,1,430
817,1,24
818,1,296
819,1,267
820,1,161
821,1,391
822,1,97
823,1,344
824,1,408
825,1,210
826,1,201
827,1,226
828,1,309
829,1,384
830,1,227
831,1,481
832,1,288
833,1,380
834,1,206
835,1,234
836,1,243
837,1,226
838,1,238
839,1,15
840,1,24
841,1,95
842,1,318
843,1,219
844,1,96
845,1,299
846,1,253
847,1,365
848,1,392
849,1,400
850,1,357
851,1,36
852,1,202
853,1,382
854,1,272
855,1,82
856,1,351
857,1,462
858,1,25
859,1,169
860,1,83
861,1,254
862,1,67
863,1,365
864,1,317
865,1,96
866,1,85
867,1,242
868,1,17
869,1,282
870,1,398
871,1,169
872,1,400
873,1,171
874,1,381
875,1,473
876,1,310
877,1,469
878,1,336
879,1,70
880,1,391
881,1,483
882,1,498
883,1,123
884,1,362
885,1,24
886,1,114
887,1,27
888,1,488
889,1,174
890,1,305
891,1,106
892,1,449
893,1,331
894,1,223
895,1,153
896,1,468
897,1,76
898,1,309
899,1,50
900,1,484
901,1,437
902,1,21
903,1,77
904,1,268
905,1,147
906,1,64
907,1,385
908,1,330
909,1,147
910,1,316
911,1,203
912,1,486
913,1,159
914,1,279
915,1,216
916,1,156
917,1,246
918,1,99
919,1,86
920,1,272
921,1,201
922,1,39
923,1,80
924,1,114
925,1,329
926,1,48
927,1,356
928,1,371
929,1,76
930,1,405
931,1,447
932,1,425
933,1,376
934,1,367
935,1,73
936,1,439
937,1,349
938,1,198
939,1,127
940,1,356
941,1,320
942,1,464
943,1,228
944,1,428
945,1,250
946,1,262
947,1,187
948,1,461
949,1,137
950,1,186
951,1,185
952,1,160
953,1,337
954,1,416
955,1,272
956,1,310
957,1,196
958,1,319
959,1,263
960,1,269
961,1,357
962,1,283
963,1,133
964,1,470
965,1,337
966,1,492
967,1,102
968,1,112
969,1,338
970,1,419
971,1,199
972,1,111
973,1,480
974,1,399
975,1,379
976,1,370
977,1,173
978,1,436
979,1,28
980,1,11
981,1,118
982,1,141
983,1,356
984,1,351
985,1,224
986,1,350
987,1,411
988,1,462
989,1,310
990,1,397
991,1,138
992,1,70
993,1,413
994,1,155
995,1,53
996,1,199
997,1,467
998,1,226
999,1,40
1000,1,450
1,2,414
2,2,216
3,2,122
4,2,196
5,2,408
6,2,300
7,2,185
8,2,397
9,2,410
10,2,293
11,2,236
12,2,190
13,2,411
14,2,314
15,2,75
16,2,380
17,2,478
18,2,81
19,2,241
20,2,459
21,2,428
22,2,439
23,2,317
24,2,172
25,2,383
26,2,295
27,2,384
28,2,289
29,2,498
30,2,192
31,2,341
32,2,325
33,2,46
34,2,390
35,2,130
36,2,348
37,2,372
38,2,488
39,2,338
40,2,195
41,2,266
42,2,159
43,2,182
44,2,429
45,2,16
46,2,414
47,2,393
48,2,210
49,2,146
50,2,485
51,2,12
52,2,56
53,2,357
54,2,144
55,2,338
56,2,112
57,2,486
58,2,354
59,2,482
60,2,83
61,2,93
62,2,104
63,2,227
64,2,27
65,2,43
66,2,153
67,2,386
68,2,142
69,2,19
70,2,299
71,2,353
72,2,12
73,2,420
74,2,289
75,2,425
76,2,480
77,2,174
78,2,165
79,2,472
80,2,163
81,2,370
82,2,301
83,2,233
84,2,478
85,2,272
86,2,114
87,2,492
88,2,160
89,2,85
90,2,41
91,2,282
92,2,203
93,2,42
94,2,394
95,2,312
96,2,431
97,2,155
98,2,302
99,2,341
100,2,43
101,2,447
102,2,116
103,2,148
104,2,219
105,2,469
106,2,359
107,2,359
108,2,337
109,2,344
110,2,196
111,2,438
112,2,97
113,2,340
114,2,37
115,2,156
116,2,464
117,2,23
118,2,261
119,2,122
120,2,414
121,2,214
122,2,319
123,2,423
124,2,362
125,2,255
126,2,165
127,2,396
128,2,327
129,2,462
130,2,416
131,2,499
132,2,37
133,2,375
134,2,213
135,2,482
136,2,361
137,2,228
138,2,277
139,2,46
140,2,193
141,2,483
142,2,459
143,2,282
144,2,425
145,2,449
146,2,302
147,2,406
148,2,90
149,2,95
150,2,390
151,2,236
152,2,44
153,2,399
154,2,186
155,2,366
156,2,100
157,2,215
158,2,296
159,2,303
160,2,385
161,2,310
162,2,443
163,2,359
164,2,405
165,2,61
166,2,349
167,2,435
168,2,392
169,2,412
170,2,16
171,2,400
172,2,129
173,2,208
174,2,430
175,2,296
176,2,137
177,2,471
178,2,417
179,2,273
180,2,423
181,2,277
182,2,388
183,2,296
184,2,100
185,2,268
186,2,488
187,2,92
188,2,249
189,2,450
190,2,105
191,2,371
192,2,228
193,2,257
194,2,461
195,2,164
196,2,117
197,2,488
198,2,359
199,2,379
200,2,458
201,2,428
202,2,232
203,2,117
204,2,60
205,2,366
206,2,310
207,2,175
208,2,176
209,2,350
210,2,413
211,2,214
212,2,293
213,2,236
214,2,476
215,2,264
216,2,311
217,2,11
218,2,243
219,2,394
220,2,457
221,2,228
222,2,280
223,2,152
224,2,114
225,2,25
226,2,366
227,2,336
228,2,52
229,2,219
230,2,382
231,2,95
232,2,141
233,2,317
234,2,86
235,2,80
236,2,72
237,2,351
238,2,163
239,2,218
240,2,273
241,2,371
242,2,137
243,2,101
244,2,462
245,2,325
246,2,321
247,2,107
248,2,411
249,2,255
250,2,173
251,2,319
252,2,372
253,2,440
254,2,359
255,2,186
256,2,218
257,2,71
258,2,311
259,2,289
260,2,497
261,2,38
262,2,456
263,2,280
264,2,401
265,2,432
266,2,183
267,2,76
268,2,18
269,2,285
270,2,386
271,2,147
272,2,490
273,2,477
274,2,308
275,2,491
276,2,409
277,2,329
278,2,451
279,2,415
280,2,63
281,2,23
282,2,109
283,2,27
284,2,261
285,2,154
286,2,58
287,2,139
288,2,278
289,2,112
290,2,115
291,2,454
292,2,382
293,2,124
294,2,195
295,2,91
296,2,107
297,2,388
298,2,336
299,2,310
300,2,148
301,2,284
302,2,95
303,2,295
304,2,307
305,2,408
306,2,364
307,2,142
308,2,459
309,2,67
310,2,363
311,2,373
312,2,274
313,2,10
314,2,154
315,2,424
316,2,407
317,2,489
318,2,220
319,2,215
320,2,457
321,2,347
322,2,120
323,2,414
324,2,377
325,2,96
326,2,328
327,2,340
328,2,432
329,2,437
330,2,446
331,2,482
332,2,159
333,2,499
334,2,206
335,2,213
336,2,432
337,2,25
338,2,246
339,2,47
340,2,244
341,2,200
342,2,337
343,2,458
344,2,72
345,2,87
346,2,162
347,2,103
348,2,86
349,2,360
350,2,34
351,2,90
352,2,237
353,2,142
354,2,120
355,2,188
356,2,274
357,2,255
358,2,141
359,2,177
360,2,165
361,2,333
362,2,441
363,2,166
364,2,116
365,2,191
366,2,360
367,2,131
368,2,422
369,2,165
370,2,15
371,2,496
372,2,120
373,2,249
374,2,322
375,2,295
376,2,207
377,2,314
378,2,466
379,2,198
380,2,254
381,2,100
382,2,425
383,2,349
384,2,197
385,2,34
386,2,399
387,2,239
388,2,21
389,2,317
390,2,218
391,2,33
392,2,387
393,2,77
394,2,439
395,2,402
396,2,88
397,2,254
398,2,157
399,2,251
400,2,230
401,2,55
402,2,153
403,2,33
404,2,313
405,2,384
406,2,179
407,2,88
408,2,49
409,2,42
410,2,470
411,2,301
412,2,73
413,2,407
414,2,331
415,2,280
416,2,59
417,2,213
418,2,286
419,2,203
420,2,176
421,2,438
422,2,126
423,2,236
424,2,214
425,2,20
426,2,51
427,2,363
428,2,107
429,2,67
430,2,401
431,2,472
432,2,125
433,2,473
434,2,252
435,2,394
436,2,295
437,2,117
438,2,177
439,2,388
440,2,63
441,2,251
442,2,28
443,2,140
444,2,134
445,2,105
446,2,426
447,2,498
448,2,453
449,2,404
450,2,80
451,2,412
452,2,500
453,2,382
454,2,262
455,2,200
456,2,115
457,2,114
458,2,104
459,2,51
460,2,22
461,2,363
462,2,495
463,2,201
464,2,366
465,2,457
466,2,118
467,2,153
468,2,232
469,2,218
470,2,294
471,2,383
472,2,226
473,2,17
474,2,223
475,2,285
476,2,333
477,2,343
478,2,182
479,2,359
480,2,107
481,2,95
482,2,319
483,2,109
484,2,331
485,2,48
486,2,44
487,2,85
488,2,146
489,2,75
490,2,326
491,2,282
492,2,267
493,2,270
494,2,441
495,2,65
496,2,175
497,2,354
498,2,79
499,2,191
500,2,227
501,2,377
502,2,74
503,2,288
504,2,253
505,2,175
506,2,57
507,2,370
508,2,464
509,2,110
510,2,49
511,2,176
512,2,65
513,2,96
514,2,141
515,2,151
516,2,82
517,2,245
518,2,288
519,2,100
520,2,399
521,2,217
522,2,294
523,2,222
524,2,202
525,2,210
526,2,446
527,2,246
528,2,129
529,2,459
530,2,28
531,2,55
532,2,115
533,2,453
534,2,45
535,2,445
536,2,217
537,2,456
538,2,298
539,2,44
540,2,96
541,2,124
542,2,354
543,2,177
544,2,242
545,2,328
546,2,240
547,2,271
548,2,210
549,2,223
550,2,310
551,2,86
552,2,57
553,2,236
554,2,379
555,2,422
556,2,214
557,2,419
558,2,112
559,2,488
560,2,362
561,2,59
562,2,337
563,2,344
564,2,262
565,2,464
566,2,453
567,2,33
568,2,322
569,2,91
570,2,209
571,2,149
572,2,144
573,2,142
574,2,472
575,2,207
576,2,407
577,2,258
578,2,455
579,2,362
580,2,469
581,2,328
582,2,161
583,2,356
584,2,304
585,2,138
586,2,30
587,2,29
588,2,138
589,2,305
590,2,337
591,2,77
592,2,133
593,2,175
594,2,366
595,2,65
596,2,108
597,2,455
598,2,144
599,2,390
600,2,381
601,2,300
602,2,59
603,2,297
604,2,161
605,2,251
606,2,174
607,2,469
608,2,394
609,2,163
610,2,223
611,2,256
612,2,11
613,2,147
614,2,413
615,2,91
616,2,194
617,2,439
618,2,483
619,2,452
620,2,235
621,2,141
622,2,101
623,2,39
624,2,28
625,2,333
626,2,238
627,2,415
628,2,322
629,2,278
630,2,252
631,2,162
632,2,126
633,2,338
634,2,232
635,2,329
636,2,460
637,2,113
638,2,300
639,2,13
640,2,97
641,2,65
642,2,274
643,2,21
644,2,463
645,2,341
646,2,284
647,2,406
648,2,227
649,2,183
650,2,54
651,2,461
652,2,16
653,2,403
654,2,267
655,2,325
656,2,157
657,2,28
658,2,319
659,2,427
660,2,138
661,2,486
662,2,452
663,2,80
664,2,474
665,2,444
666,2,49
667,2,113
668,2,319
669,2,167
670,2,399
671,2,484
672,2,189
673,2,372
674,2,476
675,2,38
676,2,401
677,2,193
678,2,226
679,2,84
680,2,115
681,2,260
682,2,126
683,2,166
684,2,74
685,2,267
686,2,421
687,2,100
688,2,480
689,2,487
690,2,212
691,2,15
692,2,417
693,2,275
694,2,253
695,2,335
696,2,313
697,2,249
698,2,267
699,2,294
700,2,108
701,2,447
702,2,39
703,2,130
704,2,239
705,2,183
706,2,22
707,2,179
708,2,197
709,2,98
710,2,72
711,2,230
712,2,77
713,2,233
714,2,490
715,2,363
716,2,291
717,2,41
718,2,255
719,2,178
720,2,188
721,2,89
722,2,475
723,2,409
724,2,100
725,2,197
726,2,10
727,2,155
728,2,110
729,2,46
730,2,497
731,2,310
732,2,323
733,2,498
734,2,478
735,2,83
736,2,101
737,2,11
738,2,257
739,2,63
740,2,212
741,2,258
742,2,308
743,2,200
744,2,77
745,2,354
746,2,261
747,2,179
748,2,441
749,2,376
750,2,83
751,2,99
752,2,142
753,2,452
754,2,248
755,2,73
756,2,131
757,2,346
758,2,366
759,2,457
760,2,434
761,2,348
762,2,42
763,2,151
764,2,219
765,2,400
766,2,410
767,2,218
768,2,114
769,2,228
770,2,59
771,2,476
772,2,223
773,2,498
774,2,219
775,2,258
776,2,455
777,2,376
778,2,319
779,2,112
780,2,440
781,2,357
782,2,24
783,2,60
784,2,464
785,2,141
786,2,337
787,2,107
788,2,171
789,2,360
790,2,447
791,2,218
792,2,38
793,2,312
794,2,307
795,2,191
796,2,87
797,2,359
798,2,324
799,2,167
800,2,385
801,2,331
802,2,314
803,2,42
804,2,475
805,2,475
806,2,447
807,2,180
808,2,138
809,2,339
810,2,183
811,2,159
812,2,376
813,2,121
814,2,346
815,2,222
816,2,99
817,2,102
818,2,372
819,2,256
820,2,378
821,2,238
822,2,455
823,2,239
824,2,347
825,2,404
826,2,346
827,2,296
828,2,429
829,2,26
830,2,302
831,2,457
832,2,157
833,2,276
834,2,58
835,2,421
836,2,207
837,2,105
838,2,416
839,2,212
840,2,425
841,2,367
842,2,239
843,2,62
844,2,252
845,2,226
846,2,392
847,2,423
848,2,138
849,2,228
850,2,138
851,2,234
852,2,248
853,2,490
854,2,135
855,2,357
856,2,432
857,2,424
858,2,205
859,2,129
860,2,427
861,2,28
862,2,158
863,2,289
864,2,291
865,2,455
866,2,436
867,2,152
868,2,21
869,2,308
870,2,335
871,2,189
872,2,421
873,2,443
874,2,143
875,2,54
876,2,265
877,2,93
878,2,305
879,2,132
880,2,276
881,2,413
882,2,343
883,2,450
884,2,491
885,2,300
886,2,202
887,2,364
888,2,289
889,2,53
890,2,199
891,2,62
892,2,477
893,2,330
894,2,59
895,2,158
896,2,129
897,2,319
898,2,174
899,2,171
900,2,214
901,2,225
902,2,408
903,2,421
904,2,403
905,2,477
906,2,95
907,2,157
908,2,194
909,2,145
910,2,95
911,2,477
912,2,355
913,2,82
914,2,288
915,2,228
916,2,123
917,2,369
918,2,427
919,2,466
920,2,192
921,2,14
922,2,377
923,2,125
924,2,78
925,2,386
926,2,22
927,2,98
928,2,376
929,2,457
930,2,473
931,2,169
932,2,84
933,2,383
934,2,309
935,2,166
936,2,109
937,2,126
938,2,326
939,2,294
940,2,99
941,2,210
942,2,239
943,2,10
944,2,282
945,2,176
946,2,195
947,2,473
948,2,449
949,2,431
950,2,130
951,2,354
952,2,179
953,2,83
954,2,280
955,2,78
956,2,287
957,2,15
958,2,41
959,2,419
960,2,60
961,2,94
962,2,272
963,2,445
964,2,363
965,2,351
966,2,353
967,2,346
968,2,475
969,2,241
970,2,394
971,2,116
972,2,23
973,2,163
974,2,158
975,2,357
976,2,401
977,2,464
978,2,33
979,2,135
980,2,470
981,2,189
982,2,151
983,2,124
984,2,137
985,2,282
986,2,395
987,2,140
988,2,164
989,2,136
990,2,422
991,2,69
992,2,299
993,2,250
994,2,60
995,2,300
996,2,151
997,2,106
998,2,390
999,2,427
1000,2,87
1,3,33
2,3,452
3,3,27
4,3,26
5,3,388
6,3,476
7,3,67
8,3,157
9,3,222
10,3,153
11,3,454
12,3,183
13,3,465
14,3,249
15,3,379
16,3,151
17,3,376
18,3,113
19,3,98
20,3,106
21,3,319
22,3,368
23,3,359
24,3,209
25,3,125
26,3,354
27,3,354
28,3,295
29,3,139
30,3,93
31,3,359
32,3,120
33,3,456
34,3,240
35,3,378
36,3,213
37,3,255
38,3,390
39,3,425
40,3,144
41,3,201
42,3,287
43,3,36
44,3,110
45,3,129
46,3,17
47,3,130
48,3,94
49,3,106
50,3,495
51,3,484
52,3,143
53,3,138
54,3,364
55,3,325
56,3,469
57,3,125
58,3,392
59,3,230
60,3,227
61,3,278
62,3,164
63,3,126
64,3,161
65,3,296
66,3,30
67,3,51
68,3,87
69,3,341
70,3,263
71,3,143
72,3,162
73,3,149
74,3,447
75,3,233
76,3,104
77,3,249
78,3,106
79,3,396
80,3,47
81,3,332
82,3,150
83,3,486
84,3,24
85,3,217
86,3,251
87,3,28
88,3,161
89,3,432
90,3,251
91,3,486
92,3,400
93,3,107
94,3,274
95,3,136
96,3,356
97,3,220
98,3,232
99,3,460
100,3,389
101,3,93
102,3,249
103,3,456
104,3,306
105,3,356
106,3,127
107,3,406
108,3,123
109,3,101
110,3,402
111,3,152
112,3,62
113,3,429
114,3,363
115,3,103
116,3,375
117,3,144
118,3,41
119,3,393
120,3,376
121,3,38
122,3,142
123,3,201
124,3,322
125,3,88
126,3,386
127,3,391
128,3,450
129,3,377
130,3,492
131,3,193
132,3,12
133,3,471
134,3,41
135,3,416
136,3,348
137,3,311
138,3,16
139,3,490
140,3,354
141,3,252
142,3,133
143,3,337
144,3,356
145,3,138
146,3,60
147,3,476
148,3,240
149,3,250
150,3,177
151,3,48
152,3,237
153,3,183
154,3,366
155,3,392
156,3,72
157,3,334
158,3,454
159,3,258
160,3,354
161,3,311
162,3,132
163,3,74
164,3,120
165,3,20
166,3,327
167,3,244
168,3,172
169,3,327
170,3,290
171,3,389
172,3,325
173,3,17
174,3,183
175,3,363
176,3,359
177,3,420
178,3,320
179,3,251
180,3,350
181,3,340
182,3,103
183,3,273
184,3,14
185,3,412
186,3,268
187,3,336
188,3,53
189,3,227
190,3,69
191,3,266
192,3,73
193,3,232
194,3,47
195,3,467
196,3,166
197,3,121
198,3,270
199,3,110
200,3,220
201,3,38
202,3,84
203,3,414
204,3,207
205,3,433
206,3,72
207,3,329
208,3,188
209,3,351
210,3,474
211,3,135
212,3,439
213,3,485
214,3,449
215,3,101
216,3,75
217,3,333
218,3,315
219,3,257
220,3,128
221,3,430
222,3,385
223,3,350
224,3,12
225,3,327
226,3,30
227,3,70
228,3,455
229,3,319
230,3,222
231,3,172
232,3,259
233,3,424
234,3,395
235,3,367
236,3,442
237,3,407
238,3,420
239,3,286
240,3,29
241,3,201
242,3,281
243,3,185
244,3,349
245,3,264
246,3,237
247,3,381
248,3,220
249,3,100
250,3,111
251,3,114
252,3,446
253,3,453
254,3,28
255,3,225
256,3,174
257,3,16
258,3,359
259,3,388
260,3,221
261,3,100
262,3,390
263,3,365
264,3,71
265,3,33
266,3,321
267,3,343
268,3,52
269,3,150
270,3,304
271,3,268
272,3,149
273,3,140
274,3,390
275,3,379
276,3,351
277,3,190
278,3,319
279,3,143
280,3,307
281,3,384
282,3,47
283,3,423
284,3,377
285,3,255
286,3,258
287,3,165
288,3,14
289,3,485
290,3,397
291,3,393
292,3,459
293,3,447
294,3,271
295,3,432
296,3,427
297,3,88
298,3,294
299,3,322
300,3,469
301,3,47
302,3,239
303,3,373
304,3,92
305,3,183
306,3,121
307,3,81
308,3,472
309,3,319
310,3,154
311,3,30
312,3,500
313,3,471
314,3,487
315,3,136
316,3,182
317,3,454
318,3,151
319,3,485
320,3,154
321,3,445
322,3,281
323,3,75
324,3,30
325,3,25
326,3,456
327,3,246
328,3,455
329,3,90
330,3,452
331,3,44
332,3,149
333,3,428
334,3,294
335,3,456
336,3,284
337,3,255
338,3,346
339,3,21
340,3,393
341,3,27
342,3,194
343,3,336
344,3,293
345,3,275
346,3,448
347,3,152
348,3,52
349,3,149
350,3,413
351,3,450
352,3,463
353,3,109
354,3,376
355,3,294
356,3,158
357,3,245
358,3,407
359,3,362
360,3,269
361,3,183
362,3,448
363,3,338
364,3,138
365,3,256
366,3,145
367,3,486
368,3,312
369,3,148
370,3,184
371,3,484
372,3,94
373,3,329
374,3,439
375,3,227
376,3,300
377,3,325
378,3,120
379,3,121
380,3,18
381,3,42
382,3,249
383,3,14
384,3,100
385,3,380
386,3,377
387,3,196
388,3,418
389,3,384
390,3,362
391,3,463
392,3,36
393,3,347
394,3,498
395,3,196
396,3,451
397,3,159
398,3,288
399,3,397
400,3,433
401,3,90
402,3,49
403,3,220
404,3,347
405,3,152
406,3,469
407,3,12
408,3,39
409,3,50
410,3,74
411,3,367
412,3,387
413,3,42
414,3,220
415,3,42
416,3,328
417,3,180
418,3,444
419,3,429
420,3,121
421,3,385
422,3,468
423,3,166
424,3,322
425,3,206
426,3,137
427,3,126
428,3,468
429,3,342
430,3,59
431,3,182
432,3,185
433,3,243
434,3,474
435,3,123
436,3,83
437,3,475
438,3,257
439,3,451
440,3,78
441,3,47
442,3,251
443,3,213
444,3,239
445,3,481
446,3,201
447,3,198
448,3,428
449,3,81
450,3,157
451,3,155
452,3,484
453,3,114
454,3,263
455,3,401
456,3,457
457,3,246
458,3,53
459,3,307
460,3,292
461,3,193
462,3,463
463,3,340
464,3,323
465,3,355
466,3,310
467,3,180
468,3,241
469,3,161
470,3,225
471,3,306
472,3,14
473,3,202
474,3,123
475,3,171
476,3,353
477,3,441
478,3,417
479,3,80
480,3,360
481,3,123
482,3,208
483,3,294
484,3,118
485,3,177
486,3,76
487,3,221
488,3,379
489,3,444
490,3,436
491,3,199
492,3,450
493,3,177
494,3,385
495,3,340
496,3,251
497,3,296
498,3,461
499,3,469
500,3,238
501,3,464
502,3,189
503,3,124
504,3,112
505,3,92
506,3,407
507,3,269
508,3,302
509,3,295
510,3,106
511,3,394
512,3,385
513,3,107
514,3,165
515,3,77
516,3,217
517,3,391
518,3,397
519,3,341
520,3,484
521,3,201
522,3,466
523,3,87
524,3,46
525,3,28
526,3,448
527,3,107
528,3,140
529,3,362
530,3,358
531,3,424
532,3,26
533,3,352
534,3,182
535,3,258
536,3,118
537,3,104
538,3,245
539,3,199
540,3,433
541,3,126
542,3,168
543,3,102
544,3,110
545,3,375
546,3,52
547,3,82
548,3,130
549,3,452
550,3,17
551,3,451
552,3,251
553,3,272
554,3,180
555,3,427
556,3,367
557,3,68
558,3,135
559,3,97
560,3,328
561,3,314
562,3,346
563,3,374
564,3,53
565,3,53
566,3,16
567,3,298
568,3,374
569,3,463
570,3,426
571,3,387
572,3,99
573,3,484
574,3,455
575,3,400
576,3,460
577,3,249
578,3,494
579,3,318
580,3,59
581,3,160
582,3,448
583,3,240
584,3,458
585,3,191
586,3,472
587,3,79
588,3,484
589,3,402
590,3,287
591,3,94
592,3,110
593,3,378
594,3,149
595,3,384
596,3,408
597,3,496
598,3,299
599,3,116
600,3,29
601,3,425
602,3,89
603,3,396
604,3,500
605,3,257
606,3,241
607,3,82
608,3,183
609,3,157
610,3,36
611,3,50
612,3,386
613,3,54
614,3,353
615,3,353
616,3,45
617,3,413
618,3,261
619,3,32
620,3,293
621,3,240
622,3,151
623,3,160
624,3,63
625,3,78
626,3,254
627,3,273
628,3,277
629,3,47
630,3,260
631,3,57
632,3,479
633,3,334
634,3,494
635,3,469
636,3,496
637,3,298
638,3,310
639,3,294
640,3,285
641,3,68
642,3,31
643,3,368
644,3,236
645,3,181
646,3,320
647,3,461
648,3,276
649,3,386
650,3,222
651,3,446
652,3,93
653,3,181
654,3,167
655,3,498
656,3,297
657,3,112
658,3,156
659,3,278
660,3,413
661,3,477
662,3,276
663,3,361
664,3,387
665,3,356
666,3,182
667,3,346
668,3,205
669,3,139
670,3,87
671,3,144
672,3,449
673,3,476
674,3,147
675,3,282
676,3,404
677,3,379
678,3,84
679,3,88
680,3,232
681,3,485
682,3,461
683,3,246
684,3,259
685,3,346
686,3,258
687,3,237
688,3,392
689,3,333
690,3,343
691,3,422
692,3,365
693,3,244
694,3,57
695,3,100
696,3,271
697,3,178
698,3,326
699,3,427
700,3,463
701,3,134
702,3,147
703,3,154
704,3,454
705,3,453
706,3,94
707,3,299
708,3,437
709,3,277
710,3,358
711,3,97
712,3,301
713,3,10
714,3,482
715,3,263
716,3,213
717,3,235
718,3,284
719,3,67
720,3,340
721,3,189
722,3,441
723,3,339
724,3,500
725,3,484
726,3,442
727,3,338
728,3,150
729,3,222
730,3,43
731,3,462
732,3,226
733,3,422
734,3,161
735,3,392
736,3,412
737,3,484
738,3,298
739,3,59
740,3,374
741,3,281
742,3,449
743,3,322
744,3,476
745,3,381
746,3,156
747,3,318
748,3,84
749,3,41
750,3,10
751,3,283
752,3,455
753,3,497
754,3,199
755,3,276
756,3,417
757,3,187
758,3,197
759,3,72
760,3,261
761,3,22
762,3,162
763,3,129
764,3,137
765,3,112
766,3,16
767,3,340
768,3,87
769,3,231
770,3,98
771,3,373
772,3,429
773,3,209
774,3,468
775,3,221
776,3,451
777,3,434
778,3,432
779,3,151
780,3,54
781,3,124
782,3,132
783,3,305
784,3,406
785,3,140
786,3,50
787,3,297
788,3,176
789,3,473
790,3,105
791,3,27
792,3,134
793,3,462
794,3,435
795,3,263
796,3,262
797,3,18
798,3,242
799,3,179
800,3,123
801,3,151
802,3,270
803,3,41
804,3,445
805,3,187
806,3,384
807,3,218
808,3,368
809,3,365
810,3,40
811,3,172
812,3,225
813,3,351
814,3,202
815,3,334
816,3,99
817,3,372
818,3,351
819,3,28
820,3,194
821,3,475
822,3,344
823,3,243
824,3,300
825,3,238
826,3,135
827,3,44
828,3,31
829,3,119
830,3,248
831,3,27
832,3,445
833,3,233
834,3,13
835,3,186
836,3,42
837,3,120
838,3,235
839,3,40
840,3,458
841,3,482
842,3,314
843,3,23
844,3,235
845,3,247
846,3,230
847,3,91
848,3,68
849,3,101
850,3,292
851,3,392
852,3,188
853,3,390
854,3,454
855,3,262
856,3,306
857,3,273
858,3,76
859,3,29
860,3,183
861,3,294
862,3,414
863,3,256
864,3,467
865,3,10
866,3,248
867,3,394
868,3,223
869,3,353
870,3,426
871,3,454
872,3,57
873,3,66
874,3,149
875,3,260
876,3,398
877,3,437
878,3,381
879,3,165
880,3,62
881,3,283
882,3,145
883,3,250
884,3,305
885,3,24
886,3,98
887,3,239
888,3,490
889,3,105
890,3,14
891,3,359
892,3,291
893,3,187
894,3,417
895,3,209
896,3,312
897,3,317
898,3,291
899,3,95
900,3,436
901,3,425
902,3,30
903,3,354
904,3,355
905,3,267
906,3,52
907,3,121
908,3,370
909,3,190
910,3,254
911,3,162
912,3,237
913,3,64
914,3,419
915,3,354
916,3,157
917,3,255
918,3,33
919,3,154
920,3,157
921,3,316
922,3,186
923,3,21
924,3,406
925,3,427
926,3,83
927,3,338
928,3,77
929,3,469
930,3,128
931,3,307
932,3,185
933,3,30
934,3,166
935,3,484
936,3,386
937,3,466
938,3,447
939,3,386
940,3,430
941,3,325
942,3,115
943,3,408
944,3,459
945,3,383
946,3,372
947,3,332
948,3,179
949,3,237
950,3,202
951,3,425
952,3,224
953,3,401
954,3,414
955,3,123
956,3,247
957,3,293
958,3,150
959,3,224
960,3,118
961,3,184
962,3,384
963,3,476
964,3,483
965,3,213
966,3,249
967,3,397
968,3,298
969,3,198
970,3,133
971,3,488
972,3,84
973,3,244
974,3,316
975,3,188
976,3,18
977,3,499
978,3,187
979,3,190
980,3,170
981,3,354
982,3,171
983,3,19
984,3,357
985,3,118
986,3,317
987,3,286
988,3,316
989,3,367
990,3,215
991,3,406
992,3,431
993,3,240
994,3,283
995,3,340
996,3,369
997,3,437
998,3,162
999,3,451
1000,3,125
1,4,69
2,4,307
3,4,11
4,4,141
5,4,427
6,4,335
7,4,239
8,4,347
9,4,409
10,4,429
11,4,107
12,4,341
13,4,492
14,4,434
15,4,75
16,4,228
17,4,241
18,4,345
19,4,381
20,4,340
21,4,332
22,4,382
23,4,21
24,4,445
25,4,499
26,4,162
27,4,210
28,4,47
29,4,283
30,4,388
31,4,145
32,4,158
33,4,500
34,4,263
35,4,295
36,4,288
37,4,226
38,4,325
39,4,50
40,4,261
41,4,45
42,4,315
43,4,231
44,4,302
45,4,189
46,4,421
47,4,95
48,4,387
49,4,177
50,4,152
51,4,417
52,4,482
53,4,60
54,4,108
55,4,275
56,4,287
57,4,162
58,4,16
59,4,86
60,4,307
61,4,159
62,4,168
63,4,409
64,4,411
65,4,140
66,4,123
67,4,408
68,4,136
69,4,357
70,4,360
71,4,62
72,4,250
73,4,429
74,4,395
75,4,26
76,4,184
77,4,197
78,4,16
79,4,61
80,4,325
81,4,137
82,4,91
83,4,262
84,4,212
85,4,374
86,4,175
87,4,500
88,4,367
89,4,323
90,4,407
91,4,377
92,4,57
93,4,360
94,4,194
95,4,223
96,4,252
97,4,372
98,4,438
99,4,97
100,4,295
101,4,407
102,4,145
103,4,62
104,4,68
105,4,496
106,4,300
107,4,415
108,4,83
109,4,455
110,4,320
111,4,64
112,4,410
113,4,379
114,4,429
115,4,179
116,4,145
117,4,467
118,4,237
119,4,186
120,4,228
121,4,368
122,4,464
123,4,392
124,4,257
125,4,159
126,4,152
127,4,388
128,4,388
129,4,453
130,4,490
131,4,165
132,4,322
133,4,338
134,4,277
135,4,173
136,4,222
137,4,19
138,4,352
139,4,361
140,4,104
141,4,190
142,4,143
143,4,161
144,4,253
145,4,271
146,4,226
147,4,495
148,4,476
149,4,64
150,4,282
151,4,386
152,4,239
153,4,317
154,4,329
155,4,130
156,4,271
157,4,476
158,4,25
159,4,203
160,4,37
161,4,276
162,4,84
163,4,103
164,4,251
165,4,78
166,4,355
167,4,325
168,4,162
169,4,377
170,4,242
171,4,122
172,4,468
173,4,191
174,4,443
175,4,432
176,4,252
177,4,65
178,4,40
179,4,268
180,4,314
181,4,198
182,4,248
183,4,70
184,4,305
185,4,363
186,4,218
187,4,166
188,4,426
189,4,175
190,4,281
191,4,388
192,4,442
193,4,437
194,4,351
195,4,364
196,4,141
197,4,440
198,4,164
199,4,269
200,4,117
201,4,218
202,4,387
203,4,448
204,4,322
205,4,195
206,4,45
207,4,410
208,4,48
209,4,370
210,4,293
211,4,486
212,4,274
213,4,414
214,4,437
215,4,91
216,4,223
217,4,477
218,4,201
219,4,338
220,4,164
221,4,205
222,4,284
223,4,108
224,4,337
225,4,452
226,4,342
227,4,403
228,4,28
229,4,86
230,4,39
231,4,148
232,4,304
233,4,56
234,4,109
235,4,182
236,4,10
237,4,315
238,4,59
239,4,281
240,4,122
241,4,203
242,4,407
243,4,181
244,4,58
245,4,133
246,4,79
247,4,184
248,4,126
249,4,302
250,4,297
251,4,173
252,4,299
253,4,464
254,4,489
255,4,118
256,4,203
257,4,278
258,4,239
259,4,332
260,4,91
261,4,372
262,4,183
263,4,231
264,4,318
265,4,381
266,4,323
267,4,343
268,4,326
269,4,220
270,4,489
271,4,334
272,4,473
273,4,141
274,4,428
275,4,157
276,4,377
277,4,121
278,4,127
279,4,14
280,4,156
281,4,132
282,4,53
283,4,435
284,4,205
285,4,315
286,4,73
287,4,234
288,4,494
289,4,429
290,4,483
291,4,494
292,4,326
293,4,102
294,4,404
295,4,415
296,4,407
297,4,370
298,4,41
299,4,432
300,4,338
301,4,141
302,4,275
303,4,133
304,4,435
305,4,315
306,4,490
307,4,228
308,4,388
309,4,38
310,4,395
311,4,27
312,4,405
313,4,46
314,4,164
315,4,378
316,4,88
317,4,321
318,4,202
319,4,120
320,4,259
321,4,326
322,4,287
323,4,26
324,4,273
325,4,54
326,4,375
327,4,34
328,4,212
329,4,153
330,4,391
331,4,346
332,4,347
333,4,20
334,4,436
335,4,446
336,4,173
337,4,130
338,4,44
339,4,20
340,4,153
341,4,61
342,4,110
343,4,456
344,4,133
345,4,240
346,4,275
347,4,331
348,4,111
349,4,298
350,4,168
351,4,143
352,4,207
353,4,101
354,4,274
355,4,66
356,4,79
357,4,410
358,4,49
359,4,93
360,4,146
361,4,121
362,4,22
363,4,248
364,4,181
365,4,479
366,4,236
367,4,14
368,4,158
369,4,220
370,4,394
371,4,349
372,4,31
373,4,11
374,4,374
375,4,346
376,4,238
377,4,185
378,4,346
379,4,340
380,4,310
381,4,391
382,4,230
383,4,493
384,4,380
385,4,385
386,4,375
387,4,197
388,4,274
389,4,243
390,4,169
391,4,440
392,4,341
393,4,197
394,4,333
395,4,388
396,4,152
397,4,430
398,4,454
399,4,147
400,4,97
401,4,483
402,4,155
403,4,326
404,4,125
405,4,265
406,4,498
407,4,191
408,4,196
409,4,229
410,4,62
411,4,450
412,4,44
413,4,119
414,4,171
415,4,368
416,4,147
417,4,340
418,4,55
419,4,155
420,4,416
421,4,145
422,4,258
423,4,396
424,4,290
425,4,405
426,4,130
427,4,66
428,4,246
429,4,45
430,4,163
431,4,231
432,4,395
433,4,409
434,4,491
435,4,493
436,4,308
437,4,308
438,4,307
439,4,424
440,4,478
441,4,88
442,4,77
443,4,34
444,4,485
445,4,433
446,4,418
447,4,167
448,4,291
449,4,210
450,4,424
451,4,265
452,4,105
453,4,460
454,4,362
455,4,87
456,4,219
457,4,378
458,4,225
459,4,52
460,4,110
461,4,32
462,4,381
463,4,117
464,4,479
465,4,55
466,4,27
467,4,401
468,4,394
469,4,169
470,4,397
471,4,60
472,4,483
473,4,219
474,4,119
475,4,454
476,4,270
477,4,368
478,4,97
479,4,219
480,4,358
481,4,315
482,4,38
483,4,62
484,4,68
485,4,34
486,4,340
487,4,407
488,4,77
489,4,495
490,4,258
491,4,146
492,4,16
493,4,465
494,4,95
495,4,335
496,4,334
497,4,356
498,4,474
499,4,182
500,4,328
501,4,401
502,4,153
503,4,475
504,4,383
505,4,81
506,4,341
507,4,304
508,4,340
509,4,285
510,4,12
511,4,296
512,4,302
513,4,233
514,4,147
515,4,180
516,4,388
517,4,125
518,4,455
519,4,101
520,4,346
521,4,300
522,4,84
523,4,85
524,4,481
525,4,408
526,4,226
527,4,190
528,4,348
529,4,20
530,4,132
531,4,103
532,4,36
533,4,183
534,4,286
535,4,47
536,4,435
537,4,67
538,4,358
539,4,87
540,4,345
541,4,471
542,4,401
543,4,392
544,4,476
545,4,343
546,4,262
547,4,32
548,4,461
549,4,112
550,4,86
551,4,364
552,4,79
553,4,405
554,4,383
555,4,429
556,4,245
557,4,435
558,4,26
559,4,333
560,4,110
561,4,316
562,4,22
563,4,457
564,4,155
565,4,347
566,4,264
567,4,382
568,4,188
569,4,444
570,4,72
571,4,361
572,4,10
573,4,398
574,4,280
575,4,270
576,4,307
577,4,424
578,4,97
579,4,458
580,4,422
581,4,375
582,4,397
583,4,242
584,4,460
585,4,348
586,4,240
587,4,397
588,4,42
589,4,323
590,4,232
591,4,188
592,4,123
593,4,421
594,4,242
595,4,256
596,4,18
597,4,129
598,4,113
599,4,337
600,4,57
601,4,144
602,4,205
603,4,20
604,4,230
605,4,40
606,4,326
607,4,12
608,4,190
609,4,150
610,4,151
611,4,312
612,4,182
613,4,10
614,4,437
615,4,302
616,4,385
617,4,158
618,4,475
619,4,496
620,4,202
621,4,360
622,4,121
623,4,78
624,4,445
625,4,155
626,4,14
627,4,493
628,4,473
629,4,281
630,4,179
631,4,404
632,4,412
633,4,260
634,4,169
635,4,84
636,4,276
637,4,483
638,4,17
639,4,241
640,4,237
641,4,326
642,4,494
643,4,81
644,4,268
645,4,84
646,4,462
647,4,157
648,4,350
649,4,135
650,4,74
651,4,179
652,4,247
653,4,88
654,4,154
655,4,289
656,4,249
657,4,131
658,4,204
659,4,123
660,4,354
661,4,182
662,4,485
663,4,81
664,4,38
665,4,309
666,4,463
667,4,420
668,4,193
669,4,419
670,4,194
671,4,179
672,4,470
673,4,197
674,4,400
675,4,416
676,4,293
677,4,108
678,4,321
679,4,117
680,4,271
681,4,44
682,4,17
683,4,344
684,4,154
685,4,35
686,4,467
687,4,343
688,4,22
689,4,47
690,4,67
691,4,451
692,4,197
693,4,373
694,4,347
695,4,269
696,4,109
697,4,54
698,4,341
699,4,18
700,4,21
701,4,478
702,4,374
703,4,452
704,4,39
705,4,460
706,4,197
707,4,125
708,4,59
709,4,418
710,4,327
711,4,252
712,4,463
713,4,181
714,4,77
715,4,310
716,4,449
717,4,308
718,4,200
719,4,469
720,4,35
721,4,404
722,4,114
723,4,468
724,4,440
725,4,173
726,4,27
727,4,485
728,4,483
729,4,473
730,4,104
731,4,489
732,4,126
733,4,353
734,4,337
735,4,280
736,4,164
737,4,473
738,4,223
739,4,239
740,4,180
741,4,50
742,4,196
743,4,231
744,4,350
745,4,288
746,4,334
747,4,227
748,4,96
749,4,65
750,4,343
751,4,70
752,4,132
753,4,405
754,4,90
755,4,214
756,4,285
757,4,283
758,4,81
759,4,365
760,4,302
761,4,182
762,4,483
763,4,304
764,4,89
765,4,112
766,4,331
767,4,113
768,4,363
769,4,95
770,4,120
771,4,187
772,4,423
773,4,244
774,4,351
775,4,99
776,4,32
777,4,232
778,4,493
779,4,241
780,4,175
781,4,218
782,4,146
783,4,163
784,4,488
785,4,236
786,4,393
787,4,122
788,4,101
789,4,249
790,4,463
791,4,325
792,4,78
793,4,386
794,4,113
795,4,389
796,4,357
797,4,225
798,4,345
799,4,196
800,4,331
801,4,404
802,4,77
803,4,260
804,4,295
805,4,44
806,4,468
807,4,322
808,4,422
809,4,213
810,4,173
811,4,355
812,4,222
813,4,12
814,4,465
815,4,357
816,4,175
817,4,64
818,4,447
819,4,280
820,4,442
821,4,495
822,4,344
823,4,274
824,4,34
825,4,23
826,4,363
827,4,396
828,4,401
829,4,127
830,4,23
831,4,477
832,4,478
833,4,367
834,4,270
835,4,327
836,4,435
837,4,415
838,4,141
839,4,121
840,4,381
841,4,282
842,4,372
843,4,464
844,4,228
845,4,237
846,4,166
847,4,66
848,4,489
849,4,136
850,4,353
851,4,480
852,4,73
853,4,400
854,4,18
855,4,325
856,4,225
857,4,482
858,4,337
859,4,128
860,4,224
861,4,351
862,4,326
863,4,21
864,4,22
865,4,231
866,4,315
867,4,210
868,4,37
869,4,378
870,4,41
871,4,393
872,4,367
873,4,437
874,4,278
875,4,472
876,4,100
877,4,139
878,4,428
879,4,330
880,4,370
881,4,302
882,4,393
883,4,53
884,4,284
885,4,106
886,4,473
887,4,128
888,4,257
889,4,237
890,4,198
891,4,116
892,4,74
893,4,397
894,4,75
895,4,215
896,4,428
897,4,73
898,4,31
899,4,182
900,4,246
901,4,334
902,4,299
903,4,132
904,4,181
905,4,192
906,4,362
907,4,121
908,4,442
909,4,162
910,4,339
911,4,18
912,4,200
913,4,173
914,4,148
915,4,322
916,4,330
917,4,80
918,4,88
919,4,68
920,4,61
921,4,67
922,4,142
923,4,281
924,4,471
925,4,42
926,4,304
927,4,428
928,4,435
929,4,191
930,4,241
931,4,362
932,4,100
933,4,355
934,4,287
935,4,49
936,4,258
937,4,21
938,4,306
939,4,490
940,4,252
941,4,487
942,4,79
943,4,354
944,4,331
945,4,175
946,4,250
947,4,338
948,4,274
949,4,196
950,4,75
951,4,168
952,4,211
953,4,179
954,4,284
955,4,124
956,4,200
957,4,485
958,4,213
959,4,183
960,4,133
961,4,256
962,4,115
963,4,249
964,4,436
965,4,218
966,4,315
967,4,29
968,4,495
969,4,172
970,4,482
971,4,175
972,4,42
973,4,498
974,4,450
975,4,171
976,4,163
977,4,334
978,4,138
979,4,178
980,4,400
981,4,262
982,4,50
983,4,260
984,4,255
985,4,383
986,4,178
987,4,401
988,4,445
989,4,499
990,4,272
991,4,122
992,4,111
993,4,268
994,4,212
995,4,216
996,4,70
997,4,162
998,4,245
999,4,185
1000,4,219
1,5,232
2,5,409
3,5,385
4,5,38
5,5,11
6,5,52
7,5,307
8,5,242
9,5,463
10,5,244
11,5,184
12,5,37
13,5,273
14,5,207
15,5,326
16,5,398
17,5,158
18,5,460
19,5,340
20,5,398
21,5,134
22,5,255
23,5,427
24,5,13
25,5,131
26,5,359
27,5,117
28,5,349
29,5,463
30,5,498
31,5,380
32,5,337
33,5,198
34,5,210
35,5,210
36,5,294
37,5,82
38,5,329
39,5,403
40,5,234
41,5,73
42,5,250
43,5,206
44,5,100
45,5,400
46,5,455
47,5,201
48,5,215
49,5,378
50,5,222
51,5,398
52,5,447
53,5,474
54,5,13
55,5,369
56,5,186
57,5,88
58,5,311
59,5,13
60,5,471
61,5,457
62,5,298
63,5,347
64,5,119
65,5,233
66,5,453
67,5,150
68,5,401
69,5,291
70,5,73
71,5,51
72,5,396
73,5,348
74,5,48
75,5,203
76,5,137
77,5,270
78,5,427
79,5,148
80,5,13
81,5,71
82,5,52
83,5,123
84,5,366
85,5,129
86,5,357
87,5,258
88,5,289
89,5,249
90,5,185
91,5,21
92,5,454
93,5,405
94,5,65
95,5,412
96,5,452
97,5,368
98,5,431
99,5,430
100,5,99
101,5,132
102,5,220
103,5,361
104,5,145
105,5,37
106,5,107
107,5,198
108,5,16
109,5,217
110,5,491
111,5,91
112,5,243
113,5,222
114,5,76
115,5,347
116,5,115
117,5,111
118,5,199
119,5,20
120,5,445
121,5,180
122,5,429
123,5,128
124,5,137
125,5,461
126,5,224
127,5,237
128,5,155
129,5,302
130,5,327
131,5,466
132,5,486
133,5,168
134,5,283
135,5,67
136,5,175
137,5,214
138,5,448
139,5,313
140,5,391
141,5,68
142,5,339
143,5,167
144,5,19
145,5,250
146,5,277
147,5,351
148,5,350
149,5,154
150,5,419
151,5,399
152,5,245
153,5,246
154,5,384
155,5,67
156,5,412
157,5,95
158,5,172
159,5,199
160,5,199
161,5,265
162,5,284
163,5,478
164,5,272
165,5,182
166,5,356
167,5,448
168,5,55
169,5,276
170,5,262
171,5,380
172,5,470
173,5,466
174,5,356
175,5,328
176,5,326
177,5,194
178,5,431
179,5,379
180,5,492
181,5,254
182,5,303
183,5,202
184,5,225
185,5,238
186,5,247
187,5,307
188,5,389
189,5,443
190,5,125
191,5,464
192,5,155
193,5,68
194,5,497
195,5,176
196,5,134
197,5,187
198,5,386
199,5,246
200,5,170
201,5,150
202,5,497
203,5,178
204,5,120
205,5,376
206,5,68
207,5,377
208,5,170
209,5,207
210,5,454
211,5,31
212,5,45
213,5,202
214,5,196
215,5,115
216,5,391
217,5,128
218,5,78
219,5,431
220,5,336
221,5,486
222,5,25
223,5,455
224,5,380
225,5,59
226,5,317
227,5,206
228,5,136
229,5,495
230,5,330
231,5,206
232,5,330
233,5,455
234,5,310
235,5,130
236,5,71
237,5,225
238,5,83
239,5,375
240,5,285
241,5,311
242,5,187
243,5,116
244,5,467
245,5,178
246,5,393
247,5,379
248,5,73
249,5,288
250,5,384
251,5,60
252,5,49
253,5,88
254,5,53
255,5,275
256,5,399
257,5,263
258,5,418
259,5,245
260,5,405
261,5,91
262,5,172
263,5,15
264,5,276
265,5,161
266,5,264
267,5,227
268,5,110
269,5,324
270,5,58
271,5,275
272,5,316
273,5,491
274,5,90
275,5,120
276,5,198
277,5,24
278,5,21
279,5,299
280,5,14
281,5,407
282,5,126
283,5,141
284,5,295
285,5,478
286,5,317
287,5,419
288,5,26
289,5,34
290,5,143
291,5,345
292,5,181
293,5,17
294,5,310
295,5,296
296,5,135
297,5,227
298,5,387
299,5,28
300,5,100
301,5,69
302,5,188
303,5,463
304,5,326
305,5,166
306,5,241
307,5,276
308,5,36
309,5,87
310,5,120
311,5,153
312,5,500
313,5,75
314,5,151
315,5,324
316,5,70
317,5,281
318,5,239
319,5,139
320,5,338
321,5,398
322,5,381
323,5,259
324,5,291
325,5,342
326,5,377
327,5,458
328,5,275
329,5,248
330,5,165
331,5,102
332,5,13
333,5,328
334,5,357
335,5,79
336,5,320
337,5,444
338,5,320
339,5,474
340,5,129
341,5,254
342,5,496
343,5,464
344,5,203
345,5,114
346,5,236
347,5,206
348,5,12
349,5,225
350,5,242
351,5,190
352,5,307
353,5,382
354,5,219
355,5,55
356,5,363
357,5,196
358,5,67
359,5,128
360,5,319
361,5,316
362,5,364
363,5,276
364,5,460
365,5,495
366,5,497
367,5,464
368,5,313
369,5,139
370,5,382
371,5,141
372,5,285
373,5,160
374,5,495
375,5,24
376,5,420
377,5,289
378,5,458
379,5,259
380,5,207
381,5,129
382,5,196
383,5,131
384,5,391
385,5,104
386,5,489
387,5,49
388,5,227
389,5,372
390,5,234
391,5,166
392,5,164
393,5,274
394,5,153
395,5,392
396,5,172
397,5,43
398,5,348
399,5,451
400,5,393
401,5,134
402,5,183
403,5,386
404,5,46
405,5,49
406,5,48
407,5,332
408,5,44
409,5,378
410,5,354
411,5,237
412,5,82
413,5,400
414,5,74
415,5,88
416,5,362
417,5,289
418,5,497
419,5,75
420,5,231
421,5,291
422,5,302
423,5,56
424,5,219
425,5,254
426,5,41
427,5,480
428,5,211
429,5,234
430,5,97
431,5,90
432,5,434
433,5,448
434,5,136
435,5,259
436,5,146
437,5,469
438,5,160
439,5,279
440,5,317
441,5,106
442,5,171
443,5,386
444,5,94
445,5,44
446,5,402
447,5,281
448,5,184
449,5,236
450,5,452
451,5,261
452,5,119
453,5,263
454,5,381
455,5,143
456,5,457
457,5,166
458,5,249
459,5,416
460,5,162
461,5,81
462,5,80
463,5,388
464,5,238
465,5,323
466,5,10
467,5,141
468,5,407
469,5,429
470,5,270
471,5,172
472,5,253
473,5,137
474,5,350
475,5,299
476,5,61
477,5,151
478,5,189
479,5,345
480,5,61
481,5,446
482,5,10
483,5,215
484,5,87
485,5,122
486,5,274
487,5,130
488,5,108
489,5,401
490,5,272
491,5,393
492,5,240
493,5,423
494,5,30
495,5,132
496,5,30
497,5,260
498,5,92
499,5,98
500,5,318
501,5,123
502,5,138
503,5,390
504,5,68
505,5,407
506,5,293
507,5,310
508,5,40
509,5,13
510,5,387
511,5,188
512,5,166
513,5,103
514,5,276
515,5,460
516,5,411
517,5,466
518,5,485
519,5,74
520,5,462
521,5,95
522,5,20
523,5,490
524,5,266
525,5,103
526,5,111
527,5,86
528,5,302
529,5,286
530,5,342
531,5,38
532,5,439
533,5,63
534,5,249
535,5,117
536,5,32
537,5,356
538,5,482
539,5,80
540,5,337
541,5,195
542,5,194
543,5,201
544,5,383
545,5,411
546,5,283
547,5,434
548,5,275
549,5,491
550,5,81
551,5,480
552,5,494
553,5,192
554,5,486
555,5,126
556,5,106
557,5,413
558,5,419
559,5,193
560,5,60
561,5,110
562,5,124
563,5,282
564,5,206
565,5,116
566,5,470
567,5,112
568,5,388
569,5,205
570,5,360
571,5,72
572,5,174
573,5,158
574,5,186
575,5,311
576,5,31
577,5,275
578,5,122
579,5,339
580,5,248
581,5,61
582,5,112
583,5,245
584,5,111
585,5,245
586,5,256
587,5,456
588,5,199
589,5,95
590,5,349
591,5,147
592,5,406
593,5,449
594,5,256
595,5,82
596,5,135
597,5,444
598,5,57
599,5,124
600,5,336
601,5,327
602,5,498
603,5,15
604,5,310
605,5,135
606,5,137
607,5,418
608,5,499
609,5,302
610,5,465
611,5,233
612,5,243
613,5,309
614,5,416
615,5,371
616,5,500
617,5,346
618,5,227
619,5,372
620,5,122
621,5,317
622,5,371
623,5,279
624,5,43
625,5,395
626,5,494
627,5,239
628,5,301
629,5,486
630,5,156
631,5,19
632,5,352
633,5,262
634,5,398
635,5,123
636,5,170
637,5,23
638,5,310
639,5,412
640,5,309
641,5,435
642,5,162
643,5,382
644,5,367
645,5,245
646,5,119
647,5,258
648,5,494
649,5,208
650,5,93
651,5,305
652,5,93
653,5,378
654,5,211
655,5,305
656,5,459
657,5,24
658,5,238
659,5,373
660,5,209
661,5,114
662,5,367
663,5,266
664,5,156
665,5,433
666,5,406
667,5,226
668,5,461
669,5,440
670,5,208
671,5,268
672,5,376
673,5,192
674,5,453
675,5,333
676,5,250
677,5,71
678,5,92
679,5,470
680,5,105
681,5,409
682,5,324
683,5,240
684,5,81
685,5,209
686,5,452
687,5,494
688,5,149
689,5,35
690,5,300
691,5,196
692,5,396
693,5,339
694,5,287
695,5,439
696,5,363
697,5,494
698,5,453
699,5,371
700,5,406
701,5,180
702,5,216
703,5,260
704,5,290
705,5,335
706,5,34
707,5,175
708,5,454
709,5,158
710,5,109
711,5,135
712,5,68
713,5,395
714,5,239
715,5,492
716,5,195
717,5,181
718,5,173
719,5,136
720,5,135
721,5,290
722,5,132
723,5,189
724,5,326
725,5,394
726,5,316
727,5,12
728,5,128
729,5,99
730,5,322
731,5,171
732,5,72
733,5,95
734,5,391
735,5,273
736,5,158
737,5,266
738,5,453
739,5,20
740,5,28
741,5,130
742,5,393
743,5,436
744,5,320
745,5,242
746,5,433
747,5,440
748,5,242
749,5,189
750,5,186
751,5,351
752,5,252
753,5,165
754,5,72
755,5,314
756,5,50
757,5,450
758,5,291
759,5,396
760,5,379
761,5,159
762,5,66
763,5,272
764,5,93
765,5,284
766,5,394
767,5,97
768,5,423
769,5,188
770,5,209
771,5,390
772,5,179
773,5,209
774,5,161
775,5,315
776,5,378
777,5,374
778,5,481
779,5,66
780,5,495
781,5,244
782,5,73
783,5,372
784,5,195
785,5,20
786,5,412
787,5,81
788,5,352
789,5,188
790,5,300
791,5,174
792,5,493
793,5,350
794,5,33
795,5,172
796,5,419
797,5,424
798,5,88
799,5,41
800,5,412
801,5,354
802,5,60
803,5,382
804,5,182
805,5,372
806,5,76
807,5,274
808,5,77
809,5,98
810,5,124
811,5,60
812,5,218
813,5,162
814,5,175
815,5,426
816,5,343
817,5,500
818,5,455
819,5,48
820,5,271
821,5,217
822,5,313
823,5,223
824,5,96
825,5,170
826,5,83
827,5,105
828,5,172
829,5,163
830,5,307
831,5,160
832,5,323
833,5,380
834,5,195
835,5,317
836,5,297
837,5,169
838,5,67
839,5,74
840,5,271
841,5,476
842,5,430
843,5,139
844,5,75
845,5,265
846,5,215
847,5,242
848,5,372
849,5,318
850,5,44
851,5,403
852,5,278
853,5,413
854,5,372
855,5,339
856,5,391
857,5,264
858,5,155
859,5,364
860,5,157
861,5,210
862,5,477
863,5,351
864,5,409
865,5,474
866,5,213
867,5,250
868,5,431
869,5,407
870,5,486
871,5,413
872,5,434
873,5,242
874,5,282
875,5,478
876,5,440
877,5,30
878,5,182
879,5,281
880,5,179
881,5,402
882,5,168
883,5,31
884,5,446
885,5,355
886,5,441
887,5,421
888,5,72
889,5,134
890,5,321
891,5,124
892,5,119
893,5,424
894,5,402
895,5,110
896,5,232
897,5,85
898,5,12
899,5,270
900,5,74
901,5,401
902,5,146
903,5,59
904,5,487
905,5,388
906,5,60
907,5,165
908,5,364
909,5,53
910,5,427
911,5,38
912,5,487
913,5,36
914,5,398
915,5,307
916,5,150
917,5,419
918,5,164
919,5,99
920,5,379
921,5,254
922,5,220
923,5,67
924,5,456
925,5,137
926,5,432
927,5,126
928,5,310
929,5,279
930,5,114
931,5,396
932,5,179
933,5,353
934,5,500
935,5,31
936,5,288
937,5,467
938,5,345
939,5,482
940,5,44
941,5,233
942,5,254
943,5,348
944,5,256
945,5,355
946,5,186
947,5,275
948,5,292
949,5,232
950,5,79
951,5,133
952,5,208
953,5,200
954,5,96
955,5,11
956,5,318
957,5,338
958,5,65
959,5,262
960,5,57
961,5,342
962,5,196
963,5,98
964,5,439
965,5,29
966,5,250
967,5,453
968,5,393
969,5,331
970,5,435
971,5,15
972,5,53
973,5,220
974,5,153
975,5,365
976,5,253
977,5,84
978,5,237
979,5,87
980,5,315
981,5,323
982,5,347
983,5,76
984,5,287
985,5,214
986,5,69
987,5,65
988,5,243
989,5,31
990,5,497
991,5,338
992,5,164
993,5,368
994,5,494
995,5,228
996,5,138
997,5,157
998,5,333
999,5,159
1000,5,358
1,6,462
2,6,119
3,6,137
4,6,345
5,6,49
6,6,296
7,6,214
8,6,452
9,6,260
10,6,334
11,6,170
12,6,222
13,6,357
14,6,264
15,6,441
16,6,365
17,6,207
18,6,279
19,6,169
20,6,325
21,6,223
22,6,20
23,6,389
24,6,411
25,6,62
26,6,442
27,6,172
28,6,12
29,6,222
30,6,102
31,6,58
32,6,264
33,6,106
34,6,39
35,6,286
36,6,327
37,6,260
38,6,447
39,6,235
40,6,296
41,6,213
42,6,144
43,6,117
44,6,227
45,6,448
46,6,183
47,6,161
48,6,396
49,6,13
50,6,483
51,6,361
52,6,478
53,6,56
54,6,231
55,6,144
56,6,65
57,6,50
58,6,263
59,6,282
60,6,281
61,6,470
62,6,270
63,6,202
64,6,291
65,6,196
66,6,219
67,6,85
68,6,242
69,6,228
70,6,493
71,6,387
72,6,287
73,6,190
74,6,331
75,6,73
76,6,151
77,6,21
78,6,459
79,6,230
80,6,37
81,6,450
82,6,405
83,6,102
84,6,428
85,6,308
86,6,159
87,6,171
88,6,137
89,6,431
90,6,119
91,6,219
92,6,424
93,6,450
94,6,405
95,6,20
96,6,368
97,6,384
98,6,138
99,6,371
100,6,39
101,6,214
102,6,29
103,6,126
104,6,101
105,6,283
106,6,359
107,6,155
108,6,335
109,6,483
110,6,389
111,6,113
112,6,474
113,6,43
114,6,192
115,6,47
116,6,56
117,6,204
118,6,403
119,6,368
120,6,168
121,6,454
122,6,295
123,6,16
124,6,62
125,6,467
126,6,383
127,6,465
128,6,267
129,6,249
130,6,289
131,6,119
132,6,101
133,6,222
134,6,127
135,6,465
136,6,117
137,6,105
138,6,406
139,6,205
140,6,459
141,6,141
142,6,174
143,6,209
144,6,266
145,6,198
146,6,19
147,6,447
148,6,58
149,6,217
150,6,495
151,6,274
152,6,169
153,6,381
154,6,32
155,6,150
156,6,126
157,6,22
158,6,55
159,6,84
160,6,243
161,6,45
162,6,264
163,6,453
164,6,69
165,6,191
166,6,469
167,6,237
168,6,240
169,6,491
170,6,397
171,6,413
172,6,484
173,6,12
174,6,411
175,6,268
176,6,158
177,6,343
178,6,208
179,6,118
180,6,481
181,6,500
182,6,267
183,6,300
184,6,229
185,6,22
186,6,90
187,6,96
188,6,135
189,6,402
190,6,13
191,6,451
192,6,283
193,6,399
194,6,60
195,6,176
196,6,92
197,6,200
198,6,12
199,6,419
200,6,412
201,6,102
202,6,464
203,6,240
204,6,181
205,6,203
206,6,414
207,6,134
208,6,431
209,6,36
210,6,20
211,6,347
212,6,80
213,6,173
214,6,295
215,6,487
216,6,65
217,6,63
218,6,243
219,6,46
220,6,134
221,6,197
222,6,315
223,6,392
224,6,288
225,6,470
226,6,387
227,6,322
228,6,329
229,6,64
230,6,451
231,6,444
232,6,145
233,6,185
234,6,282
235,6,128
236,6,235
237,6,222
238,6,333
239,6,81
240,6,379
241,6,320
242,6,353
243,6,264
244,6,202
245,6,428
246,6,286
247,6,209
248,6,407
249,6,238
250,6,137
251,6,314
252,6,316
253,6,301
254,6,409
255,6,424
256,6,151
257,6,239
258,6,404
259,6,189
260,6,39
261,6,200
262,6,397
263,6,465
264,6,57
265,6,483
266,6,278
267,6,158
268,6,246
269,6,65
270,6,41
271,6,82
272,6,151
273,6,45
274,6,20
275,6,187
276,6,498
277,6,321
278,6,76
279,6,93
280,6,446
281,6,76
282,6,89
283,6,315
284,6,204
285,6,231
286,6,497
287,6,201
288,6,227
289,6,111
290,6,76
291,6,40
292,6,422
293,6,334
294,6,311
295,6,262
296,6,41
297,6,272
298,6,230
299,6,368
300,6,212
301,6,184
302,6,400
303,6,414
304,6,314
305,6,439
306,6,448
307,6,297
308,6,292
309,6,426
310,6,199
311,6,491
312,6,312
313,6,300
314,6,260
315,6,426
316,6,144
317,6,67
318,6,318
319,6,138
320,6,279
321,6,424
322,6,398
323,6,401
324,6,274
325,6,213
326,6,310
327,6,266
328,6,54
329,6,362
330,6,130
331,6,386
332,6,346
333,6,319
334,6,276
335,6,243
336,6,316
337,6,236
338,6,181
339,6,495
340,6,446
341,6,185
342,6,87
343,6,379
344,6,122
345,6,92
346,6,35
347,6,111
348,6,158
349,6,130
350,6,415
351,6,173
352,6,137
353,6,238
354,6,154
355,6,102
356,6,160
357,6,359
358,6,30
359,6,463
360,6,120
361,6,482
362,6,365
363,6,394
364,6,92
365,6,249
366,6,72
367,6,259
368,6,108
369,6,173
370,6,394
371,6,160
372,6,276
373,6,499
374,6,354
375,6,409
376,6,439
377,6,103
378,6,279
379,6,430
380,6,194
381,6,13
382,6,204
383,6,316
384,6,127
385,6,257
386,6,300
387,6,70
388,6,310
389,6,323
390,6,386
391,6,107
392,6,52
393,6,381
394,6,435
395,6,212
396,6,242
397,6,436
398,6,84
399,6,148
400,6,165
401,6,358
402,6,75
403,6,17
404,6,173
405,6,58
406,6,341
407,6,125
408,6,157
409,6,449
410,6,398
411,6,17
412,6,108
413,6,354
414,6,470
415,6,171
416,6,140
417,6,121
418,6,187
419,6,181
420,6,483
421,6,100
422,6,271
423,6,131
424,6,430
425,6,489
426,6,413
427,6,422
428,6,90
429,6,313
430,6,423
431,6,396
432,6,51
433,6,451
434,6,179
435,6,75
436,6,105
437,6,203
438,6,458
439,6,464
440,6,257
441,6,409
442,6,241
443,6,444
444,6,257
445,6,231
446,6,310
447,6,317
448,6,226
449,6,247
450,6,469
451,6,490
452,6,133
453,6,457
454,6,312
455,6,228
456,6,309
457,6,232
458,6,125
459,6,447
460,6,113
461,6,375
462,6,121
463,6,232
464,6,448
465,6,261
466,6,122
467,6,87
468,6,103
469,6,96
470,6,385
471,6,385
472,6,143
473,6,47
474,6,264
475,6,258
476,6,298
477,6,142
478,6,52
479,6,254
480,6,59
481,6,259
482,6,435
483,6,137
484,6,354
485,6,154
486,6,487
487,6,256
488,6,51
489,6,377
490,6,485
491,6,215
492,6,367
493,6,367
494,6,233
495,6,317
496,6,192
497,6,39
498,6,491
499,6,47
500,6,185
501,6,19
502,6,370
503,6,201
504,6,325
505,6,477
506,6,78
507,6,340
508,6,430
509,6,193
510,6,182
511,6,62
512,6,101
513,6,35
514,6,110
515,6,457
516,6,131
517,6,486
518,6,125
519,6,431
520,6,131
521,6,111
522,6,155
523,6,423
524,6,298
525,6,139
526,6,85
527,6,81
528,6,325
529,6,101
530,6,165
531,6,222
532,6,254
533,6,245
534,6,55
535,6,146
536,6,63
537,6,219
538,6,91
539,6,332
540,6,361
541,6,78
542,6,99
543,6,124
544,6,82
545,6,478
546,6,86
547,6,500
548,6,221
549,6,260
550,6,487
551,6,34
552,6,225
553,6,382
554,6,301
555,6,387
556,6,285
557,6,95
558,6,286
559,6,493
560,6,223
561,6,423
562,6,356
563,6,174
564,6,477
565,6,425
566,6,421
567,6,484
568,6,411
569,6,389
570,6,265
571,6,328
572,6,312
573,6,183
574,6,312
575,6,393
576,6,228
577,6,73
578,6,24
579,6,73
580,6,10
581,6,194
582,6,387
583,6,218
584,6,440
585,6,377
586,6,79
587,6,105
588,6,368
589,6,109
590,6,236
591,6,94
592,6,408
593,6,183
594,6,237
595,6,15
596,6,268
597,6,52
598,6,402
599,6,134
600,6,168
601,6,142
602,6,471
603,6,148
604,6,424
605,6,396
606,6,255
607,6,174
608,6,471
609,6,340
610,6,215
611,6,157
612,6,385
613,6,292
614,6,48
615,6,133
616,6,29
617,6,306
618,6,90
619,6,295
620,6,300
621,6,53
622,6,195
623,6,232
624,6,90
625,6,32
626,6,499
627,6,276
628,6,135
629,6,370
630,6,497
631,6,490
632,6,120
633,6,252
634,6,495
635,6,413
636,6,142
637,6,171
638,6,144
639,6,238
640,6,175
641,6,285
642,6,390
643,6,456
644,6,497
645,6,222
646,6,481
647,6,194
648,6,415
649,6,216
650,6,114
651,6,250
652,6,418
653,6,104
654,6,474
655,6,49
656,6,254
657,6,53
658,6,159
659,6,232
660,6,382
661,6,31
662,6,94
663,6,231
664,6,332
665,6,83
666,6,318
667,6,292
668,6,455
669,6,419
670,6,59
671,6,370
672,6,43
673,6,419
674,6,210
675,6,335
676,6,285
677,6,307
678,6,402
679,6,178
680,6,224
681,6,53
682,6,54
683,6,11
684,6,242
685,6,72
686,6,51
687,6,418
688,6,55
689,6,356
690,6,237
691,6,163
692,6,98
693,6,139
694,6,187
695,6,55
696,6,417
697,6,125
698,6,420
699,6,91
700,6,122
701,6,120
702,6,233
703,6,466
704,6,214
705,6,341
706,6,250
707,6,191
708,6,356
709,6,277
710,6,166
711,6,378
712,6,171
713,6,284
714,6,90
715,6,456
716,6,173
717,6,383
718,6,243
719,6,218
720,6,254
721,6,71
722,6,275
723,6,75
724,6,483
725,6,298
726,6,486
727,6,64
728,6,302
729,6,388
730,6,194
731,6,201
732,6,187
733,6,161
734,6,261
735,6,284
736,6,150
737,6,313
738,6,83
739,6,486
740,6,16
741,6,253
742,6,425
743,6,148
744,6,115
745,6,384
746,6,184
747,6,350
748,6,470
749,6,252
750,6,433
751,6,64
752,6,298
753,6,355
754,6,101
755,6,126
756,6,93
757,6,68
758,6,239
759,6,187
760,6,271
761,6,412
762,6,179
763,6,478
764,6,201
765,6,26
766,6,380
767,6,22
768,6,193
769,6,475
770,6,195
771,6,148
772,6,121
773,6,190
774,6,91
775,6,484
776,6,425
777,6,178
778,6,478
779,6,351
780,6,257
781,6,491
782,6,231
783,6,317
784,6,261
785,6,12
786,6,327
787,6,404
788,6,349
789,6,423
790,6,201
791,6,131
792,6,152
793,6,311
794,6,52
795,6,140
796,6,72
797,6,169
798,6,169
799,6,37
800,6,63
801,6,284
802,6,324
803,6,162
804,6,203
805,6,76
806,6,472
807,6,131
808,6,243
809,6,354
810,6,351
811,6,360
812,6,173
813,6,185
814,6,401
815,6,355
816,6,26
817,6,308
818,6,39
819,6,68
820,6,106
821,6,13
822,6,321
823,6,185
824,6,498
825,6,364
826,6,245
827,6,260
828,6,409
829,6,246
830,6,397
831,6,93
832,6,354
833,6,235
834,6,269
835,6,454
836,6,333
837,6,217
838,6,157
839,6,357
840,6,322
841,6,338
842,6,387
843,6,239
844,6,226
845,6,103
846,6,306
847,6,198
848,6,303
849,6,32
850,6,335
851,6,68
852,6,385
853,6,293
854,6,207
855,6,315
856,6,306
857,6,442
858,6,364
859,6,281
860,6,187
861,6,223
862,6,52
863,6,257
864,6,397
865,6,313
866,6,457
867,6,98
868,6,133
869,6,142
870,6,289
871,6,421
872,6,67
873,6,65
874,6,466
875,6,227
876,6,489
877,6,285
878,6,347
879,6,481
880,6,382
881,6,210
882,6,439
883,6,25
884,6,122
885,6,398
886,6,88
887,6,415
888,6,28
889,6,93
890,6,177
891,6,428
892,6,229
893,6,416
894,6,62
895,6,285
896,6,48
897,6,405
898,6,172
899,6,24
900,6,446
901,6,350
902,6,304
903,6,83
904,6,418
905,6,442
906,6,26
907,6,34
908,6,440
909,6,466
910,6,153
911,6,24
912,6,69
913,6,42
914,6,397
915,6,245
916,6,225
917,6,299
918,6,307
919,6,122
920,6,311
921,6,69
922,6,211
923,6,154
924,6,350
925,6,320
926,6,324
927,6,422
928,6,469
929,6,256
930,6,58
931,6,457
932,6,319
933,6,487
934,6,114
935,6,275
936,6,81
937,6,282
938,6,132
939,6,227
940,6,440
941,6,265
942,6,414
943,6,312
944,6,226
945,6,268
946,6,276
947,6,68
948,6,133
949,6,78
950,6,59
951,6,453
952,6,131
953,6,298
954,6,335
955,6,498
956,6,104
957,6,476
958,6,381
959,6,379
960,6,472
961,6,410
962,6,411
963,6,193
964,6,409
965,6,68
966,6,198
967,6,443
968,6,213
969,6,104
970,6,242
971,6,19
972,6,187
973,6,44
974,6,317
975,6,336
976,6,189
977,6,350
978,6,270
979,6,143
980,6,402
981,6,372
982,6,33
983,6,20
984,6,62
985,6,13
986,6,132
987,6,220
988,6,371
989,6,40
990,6,84
991,6,328
992,6,311
993,6,362
994,6,198
995,6,353
996,6,58
997,6,333
998,6,210
999,6,196
1000,6,41
1,7,164
2,7,127
3,7,278
4,7,86
5,7,370
6,7,331
7,7,261
8,7,21
9,7,449
10,7,454
11,7,143
12,7,131
13,7,487
14,7,241
15,7,402
16,7,94
17,7,343
18,7,193
19,7,322
20,7,357
21,7,256
22,7,102
23,7,92
24,7,242
25,7,409
26,7,172
27,7,251
28,7,96
29,7,125
30,7,328
31,7,68
32,7,465
33,7,57
34,7,231
35,7,438
36,7,96
37,7,469
38,7,337
39,7,54
40,7,133
41,7,427
42,7,364
43,7,266
44,7,352
45,7,225
46,7,286
47,7,71
48,7,51
49,7,240
50,7,480
51,7,488
52,7,272
53,7,401
54,7,408
55,7,400
56,7,241
57,7,351
58,7,144
59,7,438
60,7,338
61,7,118
62,7,315
63,7,27
64,7,372
65,7,44
66,7,408
67,7,128
68,7,469
69,7,243
70,7,206
71,7,190
72,7,343
73,7,11
74,7,425
75,7,147
76,7,297
77,7,355
78,7,195
79,7,297
80,7,483
81,7,211
82,7,44
83,7,390
84,7,223
85,7,20
86,7,305
87,7,150
88,7,26
89,7,53
90,7,377
91,7,153
92,7,68
93,7,222
94,7,339
95,7,235
96,7,382
97,7,355
98,7,275
99,7,172
100,7,99
101,7,431
102,7,101
103,7,102
104,7,427
105,7,285
106,7,486
107,7,25
108,7,293
109,7,338
110,7,472
111,7,101
112,7,68
113,7,283
114,7,10
115,7,90
116,7,50
117,7,468
118,7,361
119,7,90
120,7,53
121,7,220
122,7,57
123,7,440
124,7,92
125,7,335
126,7,447
127,7,232
128,7,415
129,7,228
130,7,291
131,7,74
132,7,217
133,7,208
134,7,362
135,7,404
136,7,417
137,7,227
138,7,339
139,7,246
140,7,319
141,7,288
142,7,497
143,7,32
144,7,121
145,7,107
146,7,390
147,7,149
148,7,88
149,7,55
150,7,432
151,7,312
152,7,369
153,7,217
154,7,42
155,7,308
156,7,317
157,7,474
158,7,55
159,7,119
160,7,391
161,7,379
162,7,470
163,7,458
164,7,197
165,7,459
166,7,431
167,7,399
168,7,482
169,7,293
170,7,103
171,7,131
172,7,132
173,7,36
174,7,210
175,7,352
176,7,360
177,7,424
178,7,436
179,7,371
180,7,405
181,7,113
182,7,402
183,7,103
184,7,181
185,7,244
186,7,20
187,7,398
188,7,263
189,7,404
190,7,429
191,7,389
192,7,487
193,7,220
194,7,359
195,7,55
196,7,278
197,7,406
198,7,320
199,7,451
200,7,415
201,7,499
202,7,372
203,7,298
204,7,202
205,7,413
206,7,403
207,7,427
208,7,304
209,7,389
210,7,239
211,7,177
212,7,279
213,7,109
214,7,57
215,7,26
216,7,192
217,7,35
218,7,324
219,7,239
220,7,484
221,7,173
222,7,91
223,7,300
224,7,109
225,7,350
226,7,97
227,7,48
228,7,263
229,7,70
230,7,247
231,7,150
232,7,254
233,7,466
234,7,110
235,7,497
236,7,370
237,7,193
238,7,180
239,7,426
240,7,52
241,7,443
242,7,399
243,7,264
244,7,422
245,7,300
246,7,214
247,7,91
248,7,309
249,7,248
250,7,414
251,7,58
252,7,129
253,7,58
254,7,25
255,7,252
256,7,345
257,7,450
258,7,318
259,7,416
260,7,230
261,7,283
262,7,499
263,7,161
264,7,342
265,7,21
266,7,44
267,7,400
268,7,468
269,7,439
270,7,424
271,7,258
272,7,386
273,7,144
274,7,224
275,7,311
276,7,250
277,7,142
278,7,400
279,7,326
280,7,42
281,7,306
282,7,184
283,7,327
284,7,188
285,7,485
286,7,290
287,7,272
288,7,25
289,7,436
290,7,256
291,7,449
292,7,496
293,7,219
294,7,247
295,7,466
296,7,341
297,7,24
298,7,341
299,7,280
300,7,367
301,7,179
302,7,279
303,7,485
304,7,415
305,7,426
306,7,325
307,7,120
308,7,118
309,7,282
310,7,260
311,7,40
312,7,226
313,7,57
314,7,83
315,7,428
316,7,451
317,7,229
318,7,458
319,7,448
320,7,71
321,7,345
322,7,203
323,7,37
324,7,197
325,7,311
326,7,251
327,7,457
328,7,421
329,7,146
330,7,389
331,7,206
332,7,39
333,7,425
334,7,190
335,7,409
336,7,238
337,7,197
338,7,45
339,7,271
340,7,32
341,7,320
342,7,348
343,7,16
344,7,151
345,7,90
346,7,490
347,7,193
348,7,195
349,7,71
350,7,242
351,7,305
352,7,102
353,7,258
354,7,22
355,7,349
356,7,487
357,7,176
358,7,373
359,7,489
360,7,192
361,7,297
362,7,485
363,7,106
364,7,470
365,7,418
366,7,12
367,7,355
368,7,333
369,7,329
370,7,46
371,7,238
372,7,459
373,7,144
374,7,225
375,7,302
376,7,447
377,7,386
378,7,492
379,7,22
380,7,129
381,7,385
382,7,337
383,7,205
384,7,95
385,7,478
386,7,413
387,7,378
388,7,216
389,7,290
390,7,14
391,7,98
392,7,366
393,7,83
394,7,199
395,7,59
396,7,248
397,7,242
398,7,191
399,7,302
400,7,239
401,7,434
402,7,329
403,7,246
404,7,201
405,7,48
406,7,17
407,7,183
408,7,481
409,7,111
410,7,338
411,7,175
412,7,433
413,7,427
414,7,165
415,7,436
416,7,319
417,7,370
418,7,397
419,7,472
420,7,261
421,7,313
422,7,228
423,7,452
424,7,474
425,7,243
426,7,166
427,7,295
428,7,471
429,7,333
430,7,396
431,7,249
432,7,304
433,7,43
434,7,248
435,7,492
436,7,388
437,7,245
438,7,130
439,7,428
440,7,121
441,7,258
442,7,209
443,7,215
444,7,214
445,7,467
446,7,115
447,7,272
448,7,122
449,7,163
450,7,114
451,7,134
452,7,38
453,7,420
454,7,421
455,7,22
456,7,435
457,7,460
458,7,41
459,7,13
460,7,474
461,7,158
462,7,162
463,7,82
464,7,340
465,7,365
466,7,391
467,7,155
468,7,390
469,7,78
470,7,451
471,7,451
472,7,499
473,7,469
474,7,197
475,7,22
476,7,469
477,7,420
478,7,273
479,7,61
480,7,277
481,7,138
482,7,100
483,7,149
484,7,219
485,7,202
486,7,145
487,7,250
488,7,31
489,7,352
490,7,187
491,7,202
492,7,420
493,7,148
494,7,75
495,7,445
496,7,223
497,7,279
498,7,369
499,7,480
500,7,244
501,7,69
502,7,327
503,7,410
504,7,436
505,7,55
506,7,141
507,7,395
508,7,241
509,7,193
510,7,214
511,7,375
512,7,99
513,7,412
514,7,241
515,7,249
516,7,404
517,7,453
518,7,352
519,7,470
520,7,119
521,7,273
522,7,330
523,7,322
524,7,168
525,7,326
526,7,171
527,7,414
528,7,70
529,7,369
530,7,493
531,7,421
532,7,116
533,7,38
534,7,271
535,7,429
536,7,302
537,7,395
538,7,45
539,7,66
540,7,238
541,7,79
542,7,491
543,7,475
544,7,143
545,7,253
546,7,141
547,7,498
548,7,256
549,7,104
550,7,418
551,7,397
552,7,37
553,7,103
554,7,381
555,7,214
556,7,190
557,7,163
558,7,434
559,7,63
560,7,240
561,7,120
562,7,216
563,7,202
564,7,287
565,7,59
566,7,248
567,7,217
568,7,204
569,7,212
570,7,262
571,7,243
572,7,42
573,7,203
574,7,426
575,7,498
576,7,333
577,7,445
578,7,328
579,7,445
580,7,397
581,7,309
582,7,64
583,7,73
584,7,234
585,7,210
586,7,347
587,7,442
588,7,331
589,7,194
590,7,140
591,7,456
592,7,404
593,7,201
594,7,327
595,7,351
596,7,318
597,7,249
598,7,139
599,7,260
600,7,113
601,7,354
602,7,220
603,7,287
604,7,61
605,7,323
606,7,367
607,7,362
608,7,480
609,7,70
610,7,49
611,7,212
612,7,355
613,7,114
614,7,133
615,7,376
616,7,166
617,7,382
618,7,219
619,7,486
620,7,210
621,7,184
622,7,489
623,7,251
624,7,354
625,7,363
626,7,145
627,7,233
628,7,130
629,7,95
630,7,74
631,7,432
632,7,484
633,7,463
634,7,247
635,7,375
636,7,136
637,7,456
638,7,427
639,7,388
640,7,443
641,7,302
642,7,50
643,7,407
644,7,178
645,7,339
646,7,417
647,7,141
648,7,198
649,7,13
650,7,316
651,7,35
652,7,245
653,7,434
654,7,385
655,7,112
656,7,406
657,7,455
658,7,466
659,7,189
660,7,455
661,7,368
662,7,434
663,7,68
664,7,187
665,7,136
666,7,81
667,7,479
668,7,281
669,7,432
670,7,236
671,7,429
672,7,62
673,7,493
674,7,365
675,7,124
676,7,258
677,7,212
678,7,20
679,7,380
680,7,24
681,7,312
682,7,500
683,7,253
684,7,182
685,7,340
686,7,446
687,7,473
688,7,381
689,7,143
690,7,15
691,7,59
692,7,297
693,7,234
694,7,374
695,7,309
696,7,68
697,7,34
698,7,172
699,7,347
700,7,336
701,7,304
702,7,348
703,7,360
704,7,76
705,7,327
706,7,47
707,7,146
708,7,303
709,7,292
710,7,220
711,7,345
712,7,37
713,7,100
714,7,213
715,7,138
716,7,333
717,7,321
718,7,258
719,7,487
720,7,18
721,7,468
722,7,219
723,7,451
724,7,348
725,7,187
726,7,99
727,7,120
728,7,176
729,7,251
730,7,427
731,7,126
732,7,91
733,7,242
734,7,353
735,7,278
736,7,205
737,7,134
738,7,382
739,7,409
740,7,486
741,7,374
742,7,45
743,7,14
744,7,171
745,7,354
746,7,98
747,7,280
748,7,44
749,7,346
750,7,91
751,7,391
752,7,421
753,7,324
754,7,61
755,7,259
756,7,197
757,7,153
758,7,97
759,7,434
760,7,72
761,7,131
762,7,197
763,7,14
764,7,214
765,7,139
766,7,310
767,7,452
768,7,359
769,7,214
770,7,175
771,7,394
772,7,254
773,7,64
774,7,330
775,7,139
776,7,401
777,7,259
778,7,32
779,7,277
780,7,100
781,7,34
782,7,54
783,7,270
784,7,59
785,7,274
786,7,68
787,7,69
788,7,421
789,7,164
790,7,480
791,7,444
792,7,250
793,7,324
794,7,199
795,7,248
796,7,439
797,7,187
798,7,269
799,7,409
800,7,401
801,7,251
802,7,106
803,7,404
804,7,229
805,7,33
806,7,340
807,7,456
808,7,445
809,7,65
810,7,265
811,7,311
812,7,234
813,7,377
814,7,215
815,7,446
816,7,372
817,7,475
818,7,394
819,7,25
820,7,364
821,7,175
822,7,392
823,7,426
824,7,454
825,7,374
826,7,381
827,7,393
828,7,46
829,7,114
830,7,48
831,7,51
832,7,280
833,7,136
834,7,106
835,7,388
836,7,256
837,7,41
838,7,55
839,7,259
840,7,249
841,7,178
842,7,35
843,7,93
844,7,210
845,7,461
846,7,23
847,7,144
848,7,73
849,7,18
850,7,182
851,7,107
852,7,483
853,7,130
854,7,438
855,7,459
856,7,146
857,7,125
858,7,239
859,7,495
860,7,22
861,7,115
862,7,388
863,7,320
864,7,496
865,7,14
866,7,265
867,7,71
868,7,92
869,7,69
870,7,80
871,7,142
872,7,148
873,7,413
874,7,364
875,7,71
876,7,322
877,7,344
878,7,296
879,7,18
880,7,498
881,7,412
882,7,62
883,7,280
884,7,192
885,7,303
886,7,210
887,7,320
888,7,170
889,7,119
890,7,67
891,7,164
892,7,116
893,7,27
894,7,416
895,7,473
896,7,482
897,7,390
898,7,353
899,7,450
900,7,60
901,7,172
902,7,124
903,7,84
904,7,149
905,7,132
906,7,22
907,7,181
908,7,464
909,7,358
910,7,472
911,7,405
912,7,17
913,7,219
914,7,432
915,7,447
916,7,253
917,7,201
918,7,230
919,7,32
920,7,491
921,7,144
922,7,74
923,7,60
924,7,221
925,7,179
926,7,400
927,7,176
928,7,172
929,7,324
930,7,320
931,7,239
932,7,66
933,7,137
934,7,269
935,7,74
936,7,490
937,7,65
938,7,487
939,7,402
940,7,408
941,7,398
942,7,453
943,7,191
944,7,104
945,7,469
946,7,279
947,7,147
948,7,222
949,7,128
950,7,117
951,7,448
952,7,87
953,7,115
954,7,28
955,7,349
956,7,65
957,7,264
958,7,227
959,7,414
960,7,239
961,7,416
962,7,317
963,7,142
964,7,365
965,7,93
966,7,379
967,7,239
968,7,203
969,7,96
970,7,226
971,7,429
972,7,332
973,7,423
974,7,145
975,7,355
976,7,87
977,7,225
978,7,308
979,7,370
980,7,468
981,7,245
982,7,180
983,7,234
984,7,199
985,7,352
986,7,47
987,7,386
988,7,262
989,7,358
990,7,274
991,7,277
992,7,444
993,7,494
994,7,65
995,7,456
996,7,186
997,7,28
998,7,77
999,7,454
1000,7,165
1,8,276
2,8,423
3,8,200
4,8,130
5,8,206
6,8,101
7,8,433
8,8,402
9,8,376
10,8,412
11,8,126
12,8,22
13,8,322
14,8,487
15,8,146
16,8,141
17,8,217
18,8,299
19,8,338
20,8,24
21,8,231
22,8,352
23,8,488
24,8,361
25,8,389
26,8,289
27,8,76
28,8,32
29,8,118
30,8,325
31,8,163
32,8,454
33,8,432
34,8,176
35,8,268
36,8,322
37,8,108
38,8,87
39,8,329
40,8,187
41,8,83
42,8,280
43,8,448
44,8,341
45,8,312
46,8,130
47,8,147
48,8,239
49,8,381
50,8,74
51,8,422
52,8,450
53,8,212
54,8,60
55,8,446
56,8,67
57,8,420
58,8,189
59,8,216
60,8,297
61,8,370
62,8,46
63,8,116
64,8,19
65,8,277
66,8,279
67,8,334
68,8,292
69,8,132
70,8,301
71,8,258
72,8,434
73,8,228
74,8,318
75,8,422
76,8,483
77,8,27
78,8,400
79,8,389
80,8,18
81,8,352
82,8,41
83,8,271
84,8,39
85,8,467
86,8,214
87,8,260
88,8,433
89,8,88
90,8,59
91,8,43
92,8,134
93,8,35
94,8,221
95,8,23
96,8,353
97,8,473
98,8,450
99,8,220
100,8,91
101,8,336
102,8,148
103,8,395
104,8,68
105,8,397
106,8,124
107,8,15
108,8,57
109,8,174
110,8,187
111,8,63
112,8,349
113,8,201
114,8,236
115,8,230
116,8,116
117,8,218
118,8,454
119,8,451
120,8,328
121,8,313
122,8,69
123,8,311
124,8,381
125,8,427
126,8,165
127,8,50
128,8,290
129,8,317
130,8,300
131,8,145
132,8,441
133,8,159
134,8,398
135,8,424
136,8,410
137,8,280
138,8,456
139,8,125
140,8,410
141,8,183
142,8,137
143,8,198
144,8,28
145,8,108
146,8,435
147,8,462
148,8,486
149,8,371
150,8,492
151,8,174
152,8,129
153,8,437
154,8,429
155,8,258
156,8,164
157,8,308
158,8,212
159,8,320
160,8,121
161,8,312
162,8,436
163,8,469
164,8,390
165,8,271
166,8,427
167,8,485
168,8,49
169,8,280
170,8,380
171,8,176
172,8,204
173,8,385
174,8,465
175,8,214
176,8,436
177,8,398
178,8,26
179,8,32
180,8,279
181,8,476
182,8,179
183,8,62
184,8,159
185,8,110
186,8,343
187,8,415
188,8,338
189,8,116
190,8,434
191,8,130
192,8,257
193,8,251
194,8,118
195,8,270
196,8,205
197,8,45
198,8,14
199,8,368
200,8,123
201,8,61
202,8,86
203,8,384
204,8,392
205,8,211
206,8,226
207,8,168
208,8,397
209,8,492
210,8,402
211,8,189
212,8,277
213,8,160
214,8,86
215,8,398
216,8,170
217,8,56
218,8,256
219,8,301
220,8,169
221,8,119
222,8,342
223,8,296
224,8,147
225,8,418
226,8,347
227,8,137
228,8,182
229,8,178
230,8,155
231,8,100
232,8,363
233,8,493
234,8,301
235,8,61
236,8,367
237,8,449
238,8,466
239,8,201
240,8,399
241,8,215
242,8,61
243,8,368
244,8,316
245,8,473
246,8,140
247,8,500
248,8,422
249,8,447
250,8,263
251,8,289
252,8,280
253,8,260
254,8,431
255,8,491
256,8,73
257,8,181
258,8,222
259,8,427
260,8,273
261,8,253
262,8,88
263,8,312
264,8,278
265,8,10
266,8,217
267,8,174
268,8,384
269,8,476
270,8,339
271,8,185
272,8,133
273,8,90
274,8,408
275,8,214
276,8,220
277,8,146
278,8,39
279,8,422
280,8,399
281,8,301
282,8,116
283,8,68
284,8,172
285,8,181
286,8,439
287,8,273
288,8,404
289,8,456
290,8,444
291,8,486
292,8,301
293,8,451
294,8,229
295,8,302
296,8,388
297,8,177
298,8,294
299,8,403
300,8,53
301,8,110
302,8,268
303,8,371
304,8,216
305,8,233
306,8,232
307,8,121
308,8,48
309,8,111
310,8,271
311,8,186
312,8,174
313,8,395
314,8,129
315,8,419
316,8,57
317,8,344
318,8,233
319,8,110
320,8,19
321,8,449
322,8,42
323,8,426
324,8,422
325,8,156
326,8,172
327,8,321
328,8,46
329,8,140
330,8,275
331,8,479
332,8,230
333,8,114
334,8,153
335,8,219
336,8,216
337,8,117
338,8,313
339,8,439
340,8,307
341,8,249
342,8,160
343,8,126
344,8,499
345,8,322
346,8,487
347,8,238
348,8,131
349,8,202
350,8,384
351,8,20
352,8,200
353,8,342
354,8,303
355,8,221
356,8,289
357,8,437
358,8,373
359,8,217
360,8,382
361,8,353
362,8,112
363,8,353
364,8,353
365,8,194
366,8,15
367,8,447
368,8,246
369,8,326
370,8,145
371,8,338
372,8,188
373,8,225
374,8,131
375,8,67
376,8,233
377,8,59
378,8,155
379,8,79
380,8,452
381,8,497
382,8,19
383,8,73
384,8,442
385,8,45
386,8,99
387,8,434
388,8,231
389,8,470
390,8,452
391,8,319
392,8,289
393,8,312
394,8,404
395,8,68
396,8,480
397,8,195
398,8,500
399,8,78
400,8,183
401,8,195
402,8,478
403,8,374
404,8,185
405,8,435
406,8,270
407,8,393
408,8,70
409,8,216
410,8,100
411,8,368
412,8,430
413,8,164
414,8,223
415,8,30
416,8,199
417,8,282
418,8,433
419,8,401
420,8,404
421,8,31
422,8,346
423,8,344
424,8,364
425,8,273
426,8,309
427,8,474
428,8,133
429,8,138
430,8,360
431,8,40
432,8,412
433,8,326
434,8,380
435,8,364
436,8,69
437,8,485
438,8,462
439,8,419
440,8,471
441,8,337
442,8,357
443,8,368
444,8,96
445,8,96
446,8,300
447,8,250
448,8,364
449,8,338
450,8,234
451,8,137
452,8,116
453,8,170
454,8,362
455,8,416
456,8,238
457,8,415
458,8,91
459,8,98
460,8,468
461,8,455
462,8,119
463,8,61
464,8,244
465,8,368
466,8,224
467,8,314
468,8,143
469,8,435
470,8,107
471,8,198
472,8,161
473,8,494
474,8,488
475,8,377
476,8,105
477,8,427
478,8,238
479,8,277
480,8,380
481,8,484
482,8,334
483,8,373
484,8,432
485,8,46
486,8,421
487,8,336
488,8,226
489,8,177
490,8,166
491,8,114
492,8,220
493,8,218
494,8,63
495,8,260
496,8,181
497,8,36
498,8,153
499,8,256
500,8,185
501,8,408
502,8,289
503,8,225
504,8,476
505,8,488
506,8,288
507,8,31
508,8,447
509,8,447
510,8,146
511,8,358
512,8,159
513,8,305
514,8,114
515,8,420
516,8,74
517,8,114
518,8,439
519,8,213
520,8,403
521,8,86
522,8,389
523,8,117
524,8,180
525,8,498
526,8,429
527,8,177
528,8,343
529,8,153
530,8,203
531,8,320
532,8,228
533,8,455
534,8,295
535,8,94
536,8,114
537,8,239
538,8,491
539,8,132
540,8,301
541,8,277
542,8,342
543,8,319
544,8,430
545,8,199
546,8,383
547,8,391
548,8,248
549,8,365
550,8,466
551,8,296
552,8,279
553,8,449
554,8,464
555,8,477
556,8,475
557,8,410
558,8,16
559,8,307
560,8,221
561,8,469
562,8,42
563,8,252
564,8,446
565,8,388
566,8,462
567,8,243
568,8,128
569,8,236
570,8,130
571,8,231
572,8,162
573,8,493
574,8,162
575,8,291
576,8,192
577,8,205
578,8,343
579,8,358
580,8,158
581,8,447
582,8,187
583,8,108
584,8,22
585,8,152
586,8,427
587,8,66
588,8,453
589,8,57
590,8,480
591,8,472
592,8,259
593,8,48
594,8,450
595,8,322
596,8,189
597,8,279
598,8,452
599,8,483
600,8,312
601,8,148
602,8,484
603,8,373
604,8,69
605,8,77
606,8,457
607,8,471
608,8,135
609,8,258
610,8,66
611,8,79
612,8,346
613,8,41
614,8,202
615,8,489
616,8,225
617,8,79
618,8,147
619,8,254
620,8,251
621,8,303
622,8,116
623,8,231
624,8,335
625,8,352
626,8,40
627,8,249
628,8,333
629,8,214
630,8,398
631,8,307
632,8,267
633,8,207
634,8,132
635,8,106
636,8,468
637,8,183
638,8,57
639,8,294
640,8,174
641,8,178
642,8,228
643,8,399
644,8,105
645,8,138
646,8,286
647,8,147
648,8,52
649,8,187
650,8,415
651,8,169
652,8,344
653,8,423
654,8,305
655,8,239
656,8,165
657,8,72
658,8,232
659,8,84
660,8,294
661,8,333
662,8,229
663,8,211
664,8,328
665,8,498
666,8,91
667,8,369
668,8,42
669,8,454
670,8,341
671,8,318
672,8,387
673,8,66
674,8,141
675,8,233
676,8,478
677,8,218
678,8,346
679,8,360
680,8,226
681,8,283
682,8,345
683,8,347
684,8,317
685,8,166
686,8,247
687,8,225
688,8,110
689,8,460
690,8,106
691,8,21
692,8,479
693,8,173
694,8,297
695,8,376
696,8,474
697,8,147
698,8,212
699,8,360
700,8,284
701,8,457
702,8,416
703,8,52
704,8,263
705,8,290
706,8,30
707,8,46
708,8,190
709,8,25
710,8,268
711,8,229
712,8,164
713,8,345
714,8,416
715,8,246
716,8,111
717,8,53
718,8,326
719,8,494
720,8,219
721,8,293
722,8,344
723,8,84
724,8,351
725,8,15
726,8,452
727,8,376
728,8,347
729,8,34
730,8,405
731,8,274
732,8,133
733,8,57
734,8,69
735,8,171
736,8,499
737,8,327
738,8,128
739,8,160
740,8,329
741,8,363
742,8,320
743,8,333
744,8,428
745,8,360
746,8,433
747,8,208
748,8,110
749,8,495
750,8,229
751,8,157
752,8,499
753,8,490
754,8,48
755,8,480
756,8,417
757,8,427
758,8,92
759,8,374
760,8,481
761,8,480
762,8,491
763,8,91
764,8,454
765,8,482
766,8,457
767,8,51
768,8,10
769,8,91
770,8,13
771,8,341
772,8,294
773,8,158
774,8,255
775,8,283
776,8,458
777,8,382
778,8,57
779,8,261
780,8,39
781,8,156
782,8,396
783,8,416
784,8,256
785,8,89
786,8,346
787,8,242
788,8,442
789,8,115
790,8,343
791,8,121
792,8,101
793,8,426
794,8,404
795,8,292
796,8,78
797,8,193
798,8,285
799,8,231
800,8,489
801,8,277
802,8,447
803,8,426
804,8,28
805,8,358
806,8,171
807,8,286
808,8,294
809,8,228
810,8,239
811,8,238
812,8,246
813,8,132
814,8,231
815,8,296
816,8,108
817,8,293
818,8,259
819,8,385
820,8,236
821,8,176
822,8,64
823,8,382
824,8,164
825,8,195
826,8,299
827,8,272
828,8,128
829,8,481
830,8,56
831,8,197
832,8,266
833,8,334
834,8,341
835,8,203
836,8,197
837,8,297
838,8,194
839,8,132
840,8,202
841,8,444
842,8,80
843,8,53
844,8,15
845,8,72
846,8,475
847,8,470
848,8,197
849,8,285
850,8,392
851,8,482
852,8,499
853,8,405
854,8,435
855,8,374
856,8,212
857,8,267
858,8,11
859,8,144
860,8,172
861,8,298
862,8,477
863,8,31
864,8,105
865,8,126
866,8,476
867,8,390
868,8,181
869,8,160
870,8,401
871,8,276
872,8,320
873,8,49
874,8,467
875,8,210
876,8,292
877,8,331
878,8,39
879,8,140
880,8,299
881,8,181
882,8,200
883,8,286
884,8,313
885,8,297
886,8,163
887,8,286
888,8,367
889,8,69
890,8,51
891,8,382
892,8,268
893,8,240
894,8,259
895,8,494
896,8,56
897,8,54
898,8,299
899,8,345
900,8,25
901,8,136
902,8,245
903,8,167
904,8,238
905,8,172
906,8,142
907,8,276
908,8,198
909,8,25
910,8,68
911,8,341
912,8,183
913,8,16
914,8,479
915,8,63
916,8,314
917,8,287
918,8,60
919,8,394
920,8,271
921,8,67
922,8,339
923,8,377
924,8,462
925,8,308
926,8,36
927,8,262
928,8,435
929,8,294
930,8,97
931,8,392
932,8,228
933,8,102
934,8,95
935,8,363
936,8,313
937,8,28
938,8,361
939,8,181
940,8,51
941,8,258
942,8,398
943,8,16
944,8,494
945,8,34
946,8,384
947,8,158
948,8,96
949,8,106
950,8,281
951,8,105
952,8,84
953,8,67
954,8,10
955,8,40
956,8,459
957,8,18
958,8,203
959,8,78
960,8,491
961,8,167
962,8,396
963,8,83
964,8,246
965,8,387
966,8,460
967,8,287
968,8,30
969,8,57
970,8,105
971,8,305
972,8,450
973,8,186
974,8,337
975,8,235
976,8,467
977,8,381
978,8,268
979,8,480
980,8,456
981,8,72
982,8,439
983,8,238
984,8,296
985,8,201
986,8,312
987,8,297
988,8,437
989,8,432
990,8,29
991,8,343
992,8,383
993,8,260
994,8,279
995,8,37
996,8,463
997,8,203
998,8,56
999,8,121
1000,8,374
1,9,433
2,9,225
3,9,431
4,9,286
5,9,52
6,9,255
7,9,482
8,9,191
9,9,87
10,9,82
11,9,228
12,9,448
13,9,451
14,9,184
15,9,171
16,9,249
17,9,324
18,9,463
19,9,161
20,9,326
21,9,81
22,9,368
23,9,16
24,9,262
25,9,299
26,9,49
27,9,422
28,9,81
29,9,320
30,9,447
31,9,332
32,9,139
33,9,351
34,9,274
35,9,44
36,9,72
37,9,255
38,9,152
39,9,339
40,9,233
41,9,26
42,9,71
43,9,219
44,9,36
45,9,364
46,9,369
47,9,245
48,9,181
49,9,337
50,9,442
51,9,55
52,9,446
53,9,442
54,9,65
55,9,127
56,9,71
57,9,248
58,9,351
59,9,416
60,9,138
61,9,239
62,9,366
63,9,41
64,9,194
65,9,474
66,9,233
67,9,395
68,9,248
69,9,225
70,9,86
71,9,181
72,9,297
73,9,135
74,9,302
75,9,159
76,9,435
77,9,322
78,9,49
79,9,145
80,9,311
81,9,378
82,9,163
83,9,73
84,9,360
85,9,288
86,9,210
87,9,480
88,9,177
89,9,228
90,9,27
91,9,313
92,9,383
93,9,123
94,9,120
95,9,312
96,9,100
97,9,79
98,9,376
99,9,469
100,9,437
101,9,408
102,9,245
103,9,111
104,9,31
105,9,16
106,9,284
107,9,437
108,9,44
109,9,23
110,9,29
111,9,60
112,9,70
113,9,238
114,9,37
115,9,67
116,9,44
117,9,391
118,9,494
119,9,124
120,9,382
121,9,271
122,9,457
123,9,104
124,9,14
125,9,391
126,9,209
127,9,399
128,9,20
129,9,403
130,9,290
131,9,144
132,9,202
133,9,380
134,9,129
135,9,91
136,9,194
137,9,372
138,9,375
139,9,367
140,9,226
141,9,247
142,9,241
143,9,446
144,9,383
145,9,74
146,9,263
147,9,380
148,9,203
149,9,409
150,9,329
151,9,118
152,9,21
153,9,395
154,9,68
155,9,353
156,9,126
157,9,259
158,9,360
159,9,111
160,9,435
161,9,27
162,9,261
163,9,119
164,9,290
165,9,108
166,9,458
167,9,392
168,9,205
169,9,332
170,9,454
171,9,365
172,9,364
173,9,196
174,9,130
175,9,370
176,9,368
177,9,98
178,9,316
179,9,139
180,9,60
181,9,282
182,9,26
183,9,246
184,9,145
185,9,484
186,9,350
187,9,454
188,9,218
189,9,171
190,9,207
191,9,214
192,9,43
193,9,398
194,9,318
195,9,218
196,9,274
197,9,427
198,9,240
199,9,47
200,9,383
201,9,446
202,9,349
203,9,217
204,9,493
205,9,318
206,9,50
207,9,441
208,9,279
209,9,315
210,9,137
211,9,211
212,9,209
213,9,449
214,9,367
215,9,369
216,9,487
217,9,125
218,9,235
219,9,51
220,9,243
221,9,332
222,9,76
223,9,440
224,9,141
225,9,138
226,9,122
227,9,416
228,9,333
229,9,327
230,9,490
231,9,434
232,9,392
233,9,437
234,9,390
235,9,285
236,9,294
237,9,11
238,9,225
239,9,493
240,9,231
241,9,225
242,9,436
243,9,94
244,9,137
245,9,46
246,9,234
247,9,371
248,9,492
249,9,67
250,9,373
251,9,65
252,9,485
253,9,231
254,9,296
255,9,147
256,9,471
257,9,217
258,9,11
259,9,486
260,9,11
261,9,18
262,9,95
263,9,55
264,9,23
265,9,392
266,9,400
267,9,14
268,9,87
269,9,377
270,9,264
271,9,415
272,9,215
273,9,76
274,9,56
275,9,312
276,9,14
277,9,120
278,9,463
279,9,265
280,9,50
281,9,466
282,9,459
283,9,117
284,9,204
285,9,304
286,9,293
287,9,372
288,9,280
289,9,335
290,9,124
291,9,296
292,9,329
293,9,125
294,9,156
295,9,361
296,9,265
297,9,96
298,9,177
299,9,199
300,9,336
301,9,116
302,9,216
303,9,286
304,9,147
305,9,119
306,9,377
307,9,372
308,9,476
309,9,475
310,9,48
311,9,221
312,9,208
313,9,402
314,9,456
315,9,331
316,9,202
317,9,142
318,9,73
319,9,198
320,9,240
321,9,208
322,9,129
323,9,232
324,9,308
325,9,177
326,9,103
327,9,440
328,9,255
329,9,102
330,9,279
331,9,145
332,9,212
333,9,42
334,9,123
335,9,68
336,9,74
337,9,58
338,9,79
339,9,341
340,9,38
341,9,18
342,9,24
343,9,190
344,9,65
345,9,137
346,9,89
347,9,296
348,9,131
349,9,414
350,9,41
351,9,165
352,9,65
353,9,210
354,9,225
355,9,251
356,9,315
357,9,338
358,9,425
359,9,190
360,9,422
361,9,113
362,9,192
363,9,301
364,9,23
365,9,464
366,9,364
367,9,86
368,9,247
369,9,254
370,9,206
371,9,286
372,9,233
373,9,474
374,9,468
375,9,394
376,9,296
377,9,175
378,9,256
379,9,77
380,9,90
381,9,450
382,9,453
383,9,173
384,9,281
385,9,262
386,9,114
387,9,187
388,9,107
389,9,480
390,9,255
391,9,466
392,9,303
393,9,59
394,9,176
395,9,431
396,9,256
397,9,205
398,9,423
399,9,155
400,9,57
401,9,182
402,9,66
403,9,478
404,9,427
405,9,378
406,9,321
407,9,455
408,9,448
409,9,71
410,9,470
411,9,466
412,9,65
413,9,163
414,9,453
415,9,138
416,9,480
417,9,433
418,9,260
419,9,470
420,9,352
421,9,179
422,9,449
423,9,140
424,9,393
425,9,70
426,9,119
427,9,293
428,9,87
429,9,368
430,9,414
431,9,449
432,9,372
433,9,125
434,9,232
435,9,340
436,9,363
437,9,384
438,9,376
439,9,275
440,9,217
441,9,206
442,9,473
443,9,114
444,9,303
445,9,161
446,9,453
447,9,393
448,9,324
449,9,485
450,9,63
451,9,374
452,9,234
453,9,360
454,9,372
455,9,183
456,9,324
457,9,479
458,9,383
459,9,283
460,9,463
461,9,432
462,9,237
463,9,487
464,9,272
465,9,282
466,9,29
467,9,470
468,9,349
469,9,31
470,9,37
471,9,332
472,9,388
473,9,413
474,9,206
475,9,329
476,9,348
477,9,248
478,9,95
479,9,240
480,9,205
481,9,103
482,9,222
483,9,197
484,9,88
485,9,237
486,9,422
487,9,88
488,9,430
489,9,288
490,9,424
491,9,301
492,9,379
493,9,399
494,9,326
495,9,421
496,9,404
497,9,118
498,9,368
499,9,94
500,9,294
501,9,310
502,9,250
503,9,42
504,9,53
505,9,450
506,9,29
507,9,324
508,9,115
509,9,395
510,9,51
511,9,49
512,9,94
513,9,206
514,9,134
515,9,196
516,9,105
517,9,369
518,9,246
519,9,198
520,9,154
521,9,254
522,9,134
523,9,184
524,9,104
525,9,465
526,9,366
527,9,151
528,9,245
529,9,368
530,9,246
531,9,194
532,9,227
533,9,90
534,9,124
535,9,301
536,9,72
537,9,294
538,9,464
539,9,33
540,9,327
541,9,107
542,9,75
543,9,154
544,9,127
545,9,155
546,9,232
547,9,297
548,9,40
549,9,264
550,9,260
551,9,254
552,9,32
553,9,301
554,9,396
555,9,281
556,9,52
557,9,344
558,9,273
559,9,294
560,9,50
561,9,76
562,9,199
563,9,365
564,9,152
565,9,277
566,9,317
567,9,236
568,9,80
569,9,325
570,9,456
571,9,184
572,9,249
573,9,27
574,9,134
575,9,217
576,9,489
577,9,313
578,9,60
579,9,286
580,9,419
581,9,158
582,9,55
583,9,274
584,9,47
585,9,461
586,9,431
587,9,470
588,9,408
589,9,173
590,9,164
591,9,493
592,9,267
593,9,145
594,9,243
595,9,165
596,9,239
597,9,452
598,9,343
599,9,204
600,9,369
601,9,131
602,9,177
603,9,347
604,9,298
605,9,481
606,9,239
607,9,55
608,9,166
609,9,47
610,9,365
611,9,380
612,9,363
613,9,94
614,9,61
615,9,197
616,9,32
617,9,142
618,9,265
619,9,304
620,9,484
621,9,61
622,9,14
623,9,406
624,9,162
625,9,243
626,9,344
627,9,386
628,9,183
629,9,326
630,9,90
631,9,431
632,9,238
633,9,362
634,9,241
635,9,268
636,9,186
637,9,157
638,9,477
639,9,449
640,9,61
641,9,219
642,9,64
643,9,273
644,9,360
645,9,436
646,9,21
647,9,94
648,9,112
649,9,396
650,9,131
651,9,25
652,9,35
653,9,437
654,9,450
655,9,131
656,9,451
657,9,389
658,9,472
659,9,243
660,9,468
661,9,215
662,9,267
663,9,236
664,9,77
665,9,114
666,9,36
667,9,484
668,9,447
669,9,147
670,9,94
671,9,205
672,9,153
673,9,321
674,9,470
675,9,492
676,9,242
677,9,216
678,9,89
679,9,152
680,9,202
681,9,484
682,9,131
683,9,78
684,9,462
685,9,308
686,9,162
687,9,445
688,9,380
689,9,130
690,9,494
691,9,301
692,9,277
693,9,73
694,9,22
695,9,226
696,9,233
697,9,442
698,9,318
699,9,115
700,9,87
701,9,102
702,9,297
703,9,211
704,9,364
705,9,306
706,9,211
707,9,145
708,9,144
709,9,297
710,9,469
711,9,90
712,9,297
713,9,202
714,9,406
715,9,163
716,9,329
717,9,495
718,9,118
719,9,465
720,9,61
721,9,14
722,9,241
723,9,137
724,9,393
725,9,166
726,9,432
727,9,330
728,9,96
729,9,172
730,9,103
731,9,356
732,9,303
733,9,398
734,9,204
735,9,320
736,9,120
737,9,212
738,9,115
739,9,108
740,9,207
741,9,337
742,9,185
743,9,126
744,9,434
745,9,310
746,9,446
747,9,13
748,9,90
749,9,445
750,9,396
751,9,164
752,9,390
753,9,298
754,9,437
755,9,482
756,9,76
757,9,298
758,9,182
759,9,474
760,9,267
761,9,237
762,9,209
763,9,347
764,9,214
765,9,500
766,9,261
767,9,83
768,9,99
769,9,228
770,9,410
771,9,468
772,9,355
773,9,62
774,9,271
775,9,168
776,9,478
777,9,465
778,9,75
779,9,442
780,9,209
781,9,388
782,9,123
783,9,493
784,9,280
785,9,400
786,9,317
787,9,399
788,9,48
789,9,465
790,9,303
791,9,303
792,9,220
793,9,154
794,9,303
795,9,293
796,9,122
797,9,347
798,9,154
799,9,213
800,9,152
801,9,214
802,9,337
803,9,103
804,9,39
805,9,311
806,9,324
807,9,375
808,9,439
809,9,86
810,9,433
811,9,126
812,9,443
813,9,34
814,9,418
815,9,75
816,9,486
817,9,372
818,9,399
819,9,259
820,9,17
821,9,452
822,9,499
823,9,383
824,9,109
825,9,318
826,9,242
827,9,59
828,9,310
829,9,343
830,9,383
831,9,88
832,9,317
833,9,157
834,9,29
835,9,211
836,9,446
837,9,286
838,9,195
839,9,445
840,9,399
841,9,339
842,9,303
843,9,101
844,9,492
845,9,296
846,9,257
847,9,108
848,9,466
849,9,200
850,9,102
851,9,354
852,9,315
853,9,63
854,9,190
855,9,90
856,9,334
857,9,77
858,9,374
859,9,142
860,9,299
861,9,280
862,9,10
863,9,416
864,9,342
865,9,469
866,9,220
867,9,351
868,9,154
869,9,282
870,9,432
871,9,203
872,9,112
873,9,444
874,9,142
875,9,130
876,9,492
877,9,197
878,9,475
879,9,496
880,9,428
881,9,121
882,9,76
883,9,198
884,9,132
885,9,370
886,9,178
887,9,300
888,9,253
889,9,426
890,9,154
891,9,411
892,9,307
893,9,418
894,9,67
895,9,66
896,9,321
897,9,415
898,9,69
899,9,41
900,9,54
901,9,209
902,9,92
903,9,158
904,9,11
905,9,309
906,9,415
907,9,368
908,9,248
909,9,231
910,9,268
911,9,287
912,9,152
913,9,392
914,9,318
915,9,447
916,9,459
917,9,61
918,9,492
919,9,170
920,9,376
921,9,424
922,9,267
923,9,461
924,9,53
925,9,281
926,9,226
927,9,184
928,9,251
929,9,305
930,9,311
931,9,67
932,9,340
933,9,404
934,9,43
935,9,196
936,9,75
937,9,441
938,9,374
939,9,22
940,9,409
941,9,158
942,9,143
943,9,499
944,9,377
945,9,257
946,9,486
947,9,480
948,9,155
949,9,264
950,9,36
951,9,262
952,9,396
953,9,247
954,9,114
955,9,286
956,9,427
957,9,83
958,9,242
959,9,376
960,9,62
961,9,480
962,9,382
963,9,208
964,9,209
965,9,283
966,9,24
967,9,366
968,9,216
969,9,352
970,9,422
971,9,163
972,9,394
973,9,311
974,9,66
975,9,364
976,9,220
977,9,427
978,9,287
979,9,336
980,9,457
981,9,274
982,9,319
983,9,397
984,9,324
985,9,28
986,9,281
987,9,277
988,9,395
989,9,185
990,9,426
991,9,468
992,9,330
993,9,298
994,9,326
995,9,423
996,9,129
997,9,456
998,9,332
999,9,354
1000,9,298
1,10,457
2,10,126
3,10,75
4,10,118
5,10,102
6,10,431
7,10,486
8,10,200
9,10,391
10,10,471
11,10,87
12,10,361
13,10,97
14,10,379
15,10,302
16,10,138
17,10,74
18,10,409
19,10,370
20,10,500
21,10,441
22,10,396
23,10,148
24,10,411
25,10,271
26,10,44
27,10,13
28,10,180
29,10,56
30,10,115
31,10,408
32,10,49
33,10,308
34,10,388
35,10,308
36,10,234
37,10,73
38,10,96
39,10,153
40,10,464
41,10,151
42,10,459
43,10,353
44,10,379
45,10,29
46,10,443
47,10,163
48,10,371
49,10,181
50,10,140
51,10,159
52,10,92
53,10,488
54,10,302
55,10,45
56,10,293
57,10,68
58,10,498
59,10,18
60,10,154
61,10,267
62,10,413
63,10,289
64,10,313
65,10,256
66,10,54
67,10,259
68,10,261
69,10,125
70,10,313
71,10,61
72,10,391
73,10,185
74,10,32
75,10,289
76,10,486
77,10,216
78,10,11
79,10,265
80,10,462
81,10,88
82,10,344
83,10,281
84,10,277
85,10,103
86,10,224
87,10,31
88,10,452
89,10,454
90,10,375
91,10,143
92,10,498
93,10,377
94,10,277
95,10,245
96,10,327
97,10,159
98,10,492
99,10,319
100,10,286
101,10,279
102,10,216
103,10,216
104,10,263
105,10,160
106,10,126
107,10,330
108,10,324
109,10,357
110,10,307
111,10,189
112,10,335
113,10,103
114,10,204
115,10,38
116,10,301
117,10,467
118,10,242
119,10,288
120,10,62
121,10,26
122,10,259
123,10,150
124,10,288
125,10,202
126,10,159
127,10,309
128,10,193
129,10,203
130,10,493
131,10,78
132,10,42
133,10,147
134,10,148
135,10,69
136,10,185
137,10,60
138,10,170
139,10,263
140,10,422
141,10,482
142,10,396
143,10,283
144,10,54
145,10,419
146,10,306
147,10,467
148,10,356
149,10,459
150,10,291
151,10,19
152,10,192
153,10,63
154,10,478
155,10,405
156,10,416
157,10,313
158,10,443
159,10,357
160,10,265
161,10,345
162,10,244
163,10,16
164,10,286
165,10,376
166,10,427
167,10,182
168,10,317
169,10,96
170,10,178
171,10,100
172,10,128
173,10,127
174,10,59
175,10,337
176,10,27
177,10,111
178,10,111
179,10,37
180,10,307
181,10,459
182,10,279
183,10,206
184,10,365
185,10,155
186,10,359
187,10,281
188,10,142
189,10,192
190,10,70
191,10,373
192,10,404
193,10,113
194,10,252
195,10,150
196,10,192
197,10,323
198,10,484
199,10,233
200,10,132
201,10,487
202,10,29
203,10,201
204,10,316
205,10,400
206,10,370
207,10,469
208,10,243
209,10,205
210,10,224
211,10,488
212,10,389
213,10,50
214,10,73
215,10,122
216,10,48
217,10,110
218,10,139
219,10,280
220,10,108
221,10,21
222,10,219
223,10,295
224,10,407
225,10,22
226,10,446
227,10,70
228,10,280
229,10,488
230,10,417
231,10,487
232,10,259
233,10,353
234,10,218
235,10,383
236,10,262
237,10,84
238,10,367
239,10,29
240,10,36
241,10,228
242,10,85
243,10,322
244,10,395
245,10,238
246,10,22
247,10,253
248,10,388
249,10,272
250,10,13
251,10,241
252,10,471
253,10,469
254,10,397
255,10,171
256,10,173
257,10,394
258,10,36
259,10,274
260,10,226
261,10,23
262,10,376
263,10,241
264,10,403
265,10,246
266,10,183
267,10,455
268,10,179
269,10,348
270,10,97
271,10,245
272,10,420
273,10,225
274,10,378
275,10,363
276,10,336
277,10,335
278,10,446
279,10,256
280,10,127
281,10,380
282,10,247
283,10,120
284,10,239
285,10,128
286,10,366
287,10,79
288,10,309
289,10,255
290,10,226
291,10,40
292,10,121
293,10,258
294,10,223
295,10,303
296,10,378
297,10,360
298,10,232
299,10,144
300,10,213
301,10,493
302,10,123
303,10,324
304,10,324
305,10,218
306,10,493
307,10,96
308,10,49
309,10,384
310,10,459
311,10,220
312,10,414
313,10,496
314,10,217
315,10,202
316,10,311
317,10,311
318,10,14
319,10,350
320,10,454
321,10,50
322,10,23
323,10,221
324,10,246
325,10,354
326,10,411
327,10,38
328,10,331
329,10,71
330,10,42
331,10,419
332,10,88
333,10,134
334,10,440
335,10,154
336,10,160
337,10,485
338,10,62
339,10,435
340,10,43
341,10,36
342,10,269
343,10,120
344,10,229
345,10,99
346,10,462
347,10,467
348,10,355
349,10,215
350,10,432
351,10,186
352,10,96
353,10,34
354,10,390
355,10,299
356,10,118
357,10,41
358,10,247
359,10,203
360,10,399
361,10,96
362,10,151
363,10,79
364,10,131
365,10,411
366,10,370
367,10,160
368,10,337
369,10,498
370,10,312
371,10,500
372,10,345
373,10,497
374,10,303
375,10,170
376,10,97
377,10,391
378,10,445
379,10,401
380,10,126
381,10,105
382,10,42
383,10,291
384,10,88
385,10,313
386,10,287
387,10,290
388,10,78
389,10,256
390,10,266
391,10,153
392,10,256
393,10,411
394,10,30
395,10,70
396,10,237
397,10,243
398,10,231
399,10,498
400,10,20
401,10,462
402,10,269
403,10,111
404,10,425
405,10,22
406,10,169
407,10,54
408,10,402
409,10,478
410,10,305
411,10,386
412,10,218
413,10,264
414,10,76
415,10,289
416,10,407
417,10,190
418,10,20
419,10,402
420,10,416
421,10,56
422,10,369
423,10,428
424,10,44
425,10,208
426,10,125
427,10,418
428,10,255
429,10,243
430,10,145
431,10,394
432,10,345
433,10,50
434,10,205
435,10,262
436,10,17
437,10,374
438,10,56
439,10,102
440,10,153
441,10,254
442,10,192
443,10,80
444,10,178
445,10,232
446,10,319
447,10,32
448,10,343
449,10,86
450,10,339
451,10,89
452,10,91
453,10,174
454,10,312
455,10,17
456,10,452
457,10,480
458,10,176
459,10,184
460,10,201
461,10,132
462,10,62
463,10,10
464,10,461
465,10,284
466,10,347
467,10,419
468,10,117
469,10,85
470,10,443
471,10,162
472,10,353
473,10,69
474,10,205
475,10,443
476,10,244
477,10,34
478,10,64
479,10,40
480,10,258
481,10,299
482,10,72
483,10,254
484,10,75
485,10,146
486,10,170
487,10,288
488,10,64
489,10,60
490,10,373
491,10,28
492,10,322
493,10,40
494,10,142
495,10,276
496,10,190
497,10,70
498,10,325
499,10,237
500,10,275
501,10,125
502,10,15
503,10,495
504,10,462
505,10,466
506,10,133
507,10,256
508,10,496
509,10,255
510,10,335
511,10,434
512,10,440
513,10,442
514,10,267
515,10,431
516,10,387
517,10,37
518,10,421
519,10,254
520,10,421
521,10,88
522,10,92
523,10,320
524,10,478
525,10,57
526,10,84
527,10,486
528,10,311
529,10,40
530,10,443
531,10,14
532,10,481
533,10,37
534,10,31
535,10,430
536,10,347
537,10,232
538,10,212
539,10,431
540,10,90
541,10,258
542,10,19
543,10,252
544,10,470
545,10,232
546,10,168
547,10,409
548,10,382
549,10,285
550,10,190
551,10,360
552,10,110
553,10,483
554,10,94
555,10,499
556,10,119
557,10,38
558,10,201
559,10,317
560,10,427
561,10,278
562,10,26
563,10,13
564,10,78
565,10,437
566,10,59
567,10,370
568,10,492
569,10,268
570,10,410
571,10,321
572,10,287
573,10,474
574,10,441
575,10,297
576,10,356
577,10,191
578,10,342
579,10,463
580,10,12
581,10,19
582,10,299
583,10,60
584,10,322
585,10,86
586,10,282
587,10,448
588,10,426
589,10,295
590,10,41
591,10,335
592,10,221
593,10,130
594,10,110
595,10,203
596,10,119
597,10,55
598,10,94
599,10,95
600,10,25
601,10,186
602,10,19
603,10,302
604,10,48
605,10,272
606,10,435
607,10,123
608,10,355
609,10,382
610,10,399
611,10,416
612,10,82
613,10,285
614,10,341
615,10,177
616,10,443
617,10,189
618,10,340
619,10,361
620,10,277
621,10,272
622,10,458
623,10,331
624,10,134
625,10,211
626,10,56
627,10,330
628,10,137
629,10,467
630,10,61
631,10,11
632,10,94
633,10,342
634,10,321
635,10,175
636,10,429
637,10,293
638,10,179
639,10,31
640,10,260
641,10,355
642,10,374
643,10,483
644,10,111
645,10,342
646,10,237
647,10,343
648,10,252
649,10,172
650,10,225
651,10,460
652,10,30
653,10,203
654,10,410
655,10,207
656,10,140
657,10,377
658,10,226
659,10,380
660,10,166
661,10,497
662,10,381
663,10,112
664,10,240
665,10,268
666,10,373
667,10,28
668,10,168
669,10,458
670,10,102
671,10,262
672,10,175
673,10,244
674,10,440
675,10,399
676,10,310
677,10,307
678,10,494
679,10,455
680,10,409
681,10,445
682,10,433
683,10,111
684,10,102
685,10,423
686,10,92
687,10,136
688,10,392
689,10,98
690,10,54
691,10,140
692,10,162
693,10,121
694,10,456
695,10,489
696,10,337
697,10,323
698,10,101
699,10,275
700,10,357
701,10,275
702,10,164
703,10,288
704,10,474
705,10,19
706,10,373
707,10,473
708,10,128
709,10,173
710,10,288
711,10,57
712,10,89
713,10,211
714,10,291
715,10,67
716,10,229
717,10,314
718,10,298
719,10,272
720,10,203
721,10,296
722,10,80
723,10,483
724,10,131
725,10,42
726,10,464
727,10,320
728,10,206
729,10,312
730,10,224
731,10,150
732,10,363
733,10,462
734,10,281
735,10,65
736,10,402
737,10,46
738,10,446
739,10,264
740,10,265
741,10,482
742,10,171
743,10,139
744,10,327
745,10,289
746,10,92
747,10,244
748,10,298
749,10,456
750,10,366
751,10,273
752,10,151
753,10,415
754,10,477
755,10,280
756,10,479
757,10,43
758,10,65
759,10,22
760,10,135
761,10,340
762,10,467
763,10,242
764,10,398
765,10,57
766,10,421
767,10,454
768,10,140
769,10,408
770,10,475
771,10,372
772,10,185
773,10,329
774,10,274
775,10,404
776,10,362
777,10,385
778,10,463
779,10,462
780,10,179
781,10,132
782,10,339
783,10,13
784,10,126
785,10,104
786,10,228
787,10,219
788,10,259
789,10,206
790,10,318
791,10,280
792,10,58
793,10,395
794,10,306
795,10,301
796,10,187
797,10,169
798,10,159
799,10,114
800,10,444
801,10,302
802,10,165
803,10,320
804,10,193
805,10,309
806,10,158
807,10,220
808,10,374
809,10,46
810,10,323
811,10,251
812,10,407
813,10,78
814,10,245
815,10,257
816,10,149
817,10,380
818,10,447
819,10,43
820,10,409
821,10,35
822,10,334
823,10,338
824,10,12
825,10,262
826,10,188
827,10,321
828,10,121
829,10,357
830,10,266
831,10,471
832,10,283
833,10,48
834,10,65
835,10,224
836,10,69
837,10,206
838,10,79
839,10,340
840,10,426
841,10,249
842,10,243
843,10,335
844,10,498
845,10,32
846,10,61
847,10,398
848,10,141
849,10,361
850,10,246
851,10,434
852,10,150
853,10,358
854,10,458
855,10,391
856,10,467
857,10,487
858,10,116
859,10,435
860,10,247
861,10,490
862,10,384
863,10,473
864,10,112
865,10,41
866,10,45
867,10,211
868,10,311
869,10,47
870,10,33
871,10,384
872,10,18
873,10,309
874,10,465
875,10,317
876,10,431
877,10,329
878,10,214
879,10,56
880,10,454
881,10,204
882,10,33
883,10,89
884,10,158
885,10,25
886,10,350
887,10,408
888,10,133
889,10,349
890,10,310
891,10,393
892,10,215
893,10,39
894,10,90
895,10,335
896,10,495
897,10,264
898,10,234
899,10,218
900,10,111
901,10,404
902,10,237
903,10,465
904,10,69
905,10,13
906,10,398
907,10,190
908,10,341
909,10,290
910,10,252
911,10,93
912,10,229
913,10,340
914,10,157
915,10,237
916,10,128
917,10,402
918,10,114
919,10,409
920,10,383
921,10,31
922,10,214
923,10,293
924,10,318
925,10,89
926,10,221
927,10,12
928,10,448
929,10,205
930,10,463
931,10,60
932,10,221
933,10,294
934,10,328
935,10,482
936,10,394
937,10,307
938,10,295
939,10,41
940,10,277
941,10,162
942,10,373
943,10,52
944,10,122
945,10,16
946,10,197
947,10,218
948,10,36
949,10,385
950,10,325
951,10,317
952,10,288
953,10,143
954,10,55
955,10,435
956,10,213
957,10,468
958,10,185
959,10,249
960,10,180
961,10,469
962,10,143
963,10,416
964,10,206
965,10,364
966,10,186
967,10,220
968,10,408
969,10,304
970,10,282
971,10,414
972,10,455
973,10,89
974,10,406
975,10,50
976,10,407
977,10,398
978,10,376
979,10,93
980,10,76
981,10,163
982,10,290
983,10,38
984,10,337
985,10,193
986,10,43
987,10,154
988,10,242
989,10,364
990,10,340
991,10,29
992,10,258
993,10,452
994,10,58
995,10,45
996,10,447
997,10,327
998,10,407
999,10,452
1000,10,357
